time,Distance (um),Distance to position,Average Content of C (wt. %),Average Content of N (wt. %),Theoretical value of cementite,Actual value of cementite
65.3,0.001,290.0,0.5,2.008,0.088140181,0.001
65.3,0.8,289.2,0.502,2.13,0.090013034,0.001
65.3,1.6,288.4,0.505,1.698,0.053733867,0.001
65.3,2.4,287.6,0.507,1.825,0.072931737,0.001
65.3,3.2,286.8,0.509,1.717,0.057310409,0.001
65.3,4.0,286.0,0.511,1.802,0.070284091,0.001
65.3,4.8,285.2,0.514,1.867,0.080299419,0.001
65.3,5.6,284.4,0.516,1.938,0.088917567,0.001
65.3,6.4,283.6,0.518,1.698,0.056035757,0.001
65.3,7.2,282.8,0.52,1.825,0.075233628,0.001
65.3,8.0,282.0,0.522,1.778,0.068729035,0.001
65.3,8.8,281.2,0.525,1.858,0.080931537,0.001
65.3,9.6,280.4,0.527,1.989,0.09229315,0.001
65.3,10.4,279.6,0.529,1.928,0.090885212,0.001
65.3,11.2,278.8,0.531,1.966,0.092324933,0.001
65.3,12.0,278.0,0.533,1.971,0.092815434,0.001
65.3,12.8,277.2,0.535,1.792,0.073067293,0.001
65.3,13.6,276.4,0.537,2.064,0.096248427,0.001
65.3,14.4,275.6,0.539,1.952,0.093308954,0.001
65.3,15.2,274.8,0.541,1.698,0.060098047,0.001
65.3,16.0,274.0,0.543,1.825,0.079294938,0.001
65.3,16.8,273.2,0.545,1.886,0.088495142,0.001
65.3,17.6,272.4,0.547,1.938,0.094292975,0.001
65.3,18.4,271.6,0.549,1.689,0.060164297,0.001
65.3,19.2,270.8,0.551,1.933,0.094842514,0.001
65.3,20.0,270.0,0.553,1.91,0.09336426,0.001
65.3,20.8,269.2,0.555,1.83,0.082102947,0.001
65.3,21.6,268.4,0.557,1.788,0.076355431,0.001
65.3,22.4,267.6,0.558,1.947,0.096482183,0.001
65.3,23.2,266.8,0.56,1.82,0.081518649,0.001
65.3,24.0,266.0,0.562,1.849,0.086072478,0.001
65.3,24.8,265.2,0.563,1.956,0.097627744,0.001
65.3,25.6,264.4,0.565,1.863,0.088622774,0.001
65.3,26.4,263.6,0.567,1.999,0.099609854,0.001
65.3,27.2,262.8,0.568,1.881,0.091753469,0.001
65.3,28.0,262.0,0.57,1.825,0.083973806,0.001
65.3,28.8,261.2,0.571,1.877,0.091691967,0.001
65.3,29.6,260.4,0.573,1.82,0.083767203,0.001
65.3,30.4,259.6,0.574,1.647,0.058298107,0.001
65.3,31.2,258.8,0.575,1.867,0.090932831,0.001
65.3,32.0,258.0,0.576,1.825,0.0850116,0.001
65.3,32.8,257.2,0.578,2.05,0.103093724,0.001
65.3,33.6,256.4,0.579,1.942,0.099975115,0.001
65.3,34.4,255.6,0.58,1.731,0.071983993,0.001
65.3,35.2,254.8,0.581,1.769,0.077809432,0.001
65.3,36.0,254.0,0.582,1.905,0.097657387,0.001
65.3,36.8,253.2,0.583,1.792,0.081480942,0.001
65.3,37.6,252.4,0.584,2.158,0.104353148,0.001
65.3,38.4,251.6,0.585,2.022,0.103464323,0.001
65.3,39.2,250.8,0.586,2.017,0.103486047,0.001
65.3,40.0,250.0,0.587,1.919,0.100553615,0.001
65.3,40.8,249.2,0.587,2.05,0.10469409,0.001
65.3,41.6,248.4,0.588,2.097,0.105646882,0.001
65.3,42.4,247.6,0.589,1.971,0.102583432,0.001
65.3,43.2,246.8,0.589,1.853,0.091340922,0.001
65.3,44.0,246.0,0.59,1.694,0.068194291,0.001
65.3,44.8,245.2,0.591,1.755,0.077521391,0.001
65.3,45.6,244.4,0.591,1.966,0.102782974,0.001
65.3,46.4,243.6,0.591,1.778,0.080869209,0.001
65.3,47.2,242.8,0.592,1.778,0.0810453,0.001
65.3,48.0,242.0,0.592,1.858,0.092590788,0.001
65.3,48.8,241.2,0.592,1.886,0.096631709,0.001
65.3,49.6,240.4,0.593,1.834,0.089303233,0.001
65.3,50.4,239.6,0.593,1.788,0.082664577,0.001
65.3,51.2,238.8,0.593,1.647,0.061671786,0.001
65.3,52.0,238.0,0.593,1.722,0.072923027,0.001
65.3,52.8,237.2,0.593,1.881,0.096086207,0.001
65.3,53.6,236.4,0.593,1.971,0.103294706,0.001
65.3,54.4,235.6,0.593,1.797,0.083963444,0.001
65.3,55.2,234.8,0.593,1.98,0.103575676,0.001
65.3,56.0,234.0,0.593,2.032,0.105199061,0.001
65.3,56.8,233.2,0.593,1.595,0.05385441,0.001
65.3,57.6,232.4,0.593,1.797,0.083963444,0.001
65.3,58.4,231.6,0.593,1.895,0.098109012,0.001
65.3,59.2,230.8,0.592,1.553,0.047359981,0.001
65.3,60.0,230.0,0.592,1.675,0.065696158,0.001
65.3,60.8,229.2,0.592,1.764,0.079024839,0.001
65.3,61.6,228.4,0.591,1.717,0.071820762,0.001
65.3,62.4,227.6,0.591,1.863,0.09313629,0.001
65.3,63.2,226.8,0.591,1.764,0.078848748,0.001
65.3,64.0,226.0,0.59,1.961,0.102449061,0.001
65.3,64.8,225.2,0.59,1.619,0.056932752,0.001
65.3,65.6,224.4,0.589,1.858,0.092062515,0.001
65.3,66.4,223.6,0.589,1.811,0.085279541,0.001
65.3,67.2,222.8,0.588,1.637,0.059285771,0.001
65.3,68.0,222.0,0.588,1.83,0.087845503,0.001
65.3,68.8,221.2,0.587,1.684,0.066165852,0.001
65.3,69.6,220.4,0.586,1.698,0.068089993,0.001
65.3,70.4,219.6,0.586,1.745,0.075140771,0.001
65.3,71.2,218.8,0.585,1.656,0.061611246,0.001
65.3,72.0,218.0,0.584,1.689,0.066387662,0.001
65.3,72.8,217.2,0.584,1.82,0.085697954,0.001
65.3,73.6,216.4,0.583,1.689,0.066211571,0.001
65.3,74.4,215.6,0.582,1.614,0.054755798,0.001
65.3,75.2,214.8,0.581,1.849,0.089358827,0.001
65.3,76.0,214.0,0.581,1.867,0.091970625,0.001
65.3,76.8,213.2,0.58,1.952,0.100448138,0.014648438
65.3,77.6,212.4,0.579,1.919,0.099169889,0.019042969
65.3,78.4,211.6,0.578,1.778,0.078580026,0.017089844
65.3,79.2,210.8,0.578,1.698,0.066681265,0.011946615
65.3,80.0,210.0,0.577,1.525,0.040465421,0.01184082
65.3,80.8,209.2,0.576,1.966,0.100176356,0.008972168
65.3,81.6,208.4,0.575,1.745,0.07320377,0.012207031
65.3,82.4,207.6,0.574,1.731,0.070927448,0.007324219
65.3,83.2,206.8,0.574,2.088,0.103242973,0.008789063
65.3,84.0,206.0,0.573,1.783,0.078421164,0.010742188
65.3,84.8,205.2,0.572,1.642,0.057189467,0.009643555
65.3,85.6,204.4,0.571,1.637,0.05625888,0.012369792
65.3,86.4,203.6,0.57,1.844,0.086730704,0.011274858
65.3,87.2,202.8,0.57,1.806,0.081216907,0.010316791
65.3,88.0,202.0,0.569,1.534,0.040396164,0.013579926
65.3,88.8,201.2,0.568,1.867,0.08972207,0.012083798
65.3,89.6,200.4,0.567,1.764,0.074622565,0.01118571
65.3,90.4,199.6,0.567,1.703,0.065480127,0.009309896
65.3,91.2,198.8,0.566,1.694,0.063947512,0.008117676
65.3,92.0,198.0,0.565,1.792,0.07832068,0.007507324
65.3,92.8,197.2,0.565,1.788,0.07774028,0.017732319
65.3,93.6,196.4,0.564,1.769,0.074815885,0.006116365
65.3,94.4,195.6,0.563,1.975,0.098197853,0.008214614
65.3,95.2,194.8,0.563,1.731,0.068982111,0.008106754
65.3,96.0,194.0,0.562,1.975,0.098024887,0.010331003
65.3,96.8,193.2,0.562,1.745,0.070911155,0.010275136
65.3,97.6,192.4,0.561,1.825,0.082417114,0.007531368
65.3,98.4,191.6,0.56,1.407,0.019656517,0.01208044
65.3,99.2,190.8,0.56,1.727,0.067845926,0.015625
65.3,100.0,190.0,0.56,1.623,0.052193207,0.016197468
65.3,100.8,189.2,0.559,1.572,0.044337091,0.010427167
65.3,101.6,188.4,0.559,1.792,0.077282511,0.014583333
65.3,102.4,187.6,0.558,1.849,0.085379866,0.013580322
65.3,103.2,186.8,0.558,1.773,0.074352273,0.01343981
65.3,104.0,186.0,0.558,1.59,0.046869018,0.016827182
65.3,104.8,185.2,0.557,1.614,0.050303454,0.018009703
65.3,105.6,184.4,0.557,1.534,0.038258501,0.016520182
65.3,106.4,183.6,0.557,1.759,0.072131956,0.020255796
65.3,107.2,182.8,0.557,1.755,0.071528111,0.019075521
65.3,108.0,182.0,0.557,1.623,0.051658016,0.015299479
65.3,108.8,181.2,0.557,1.595,0.047443489,0.01484375
65.3,109.6,180.4,0.557,1.68,0.06023691,0.016029095
65.3,110.4,179.6,0.557,1.703,0.063698569,0.024697581
65.3,111.2,178.8,0.557,1.567,0.043227429,0.017039332
65.3,112.0,178.0,0.557,1.745,0.070019859,0.018107096
65.3,112.8,177.2,0.557,1.483,0.030579249,0.024544271
65.3,113.6,176.4,0.557,1.773,0.074178933,0.020364424
65.3,114.4,175.6,0.557,1.656,0.056624744,0.019199429
65.3,115.2,174.8,0.558,1.666,0.05830821,0.020010551
65.3,116.0,174.0,0.558,1.816,0.080591569,0.027679443
65.3,116.8,173.2,0.558,1.675,0.059662772,0.025227865
65.3,117.6,172.4,0.559,1.849,0.085553206,0.019783266
65.3,118.4,171.6,0.559,1.863,0.087584605,0.023209635
65.3,119.2,170.8,0.56,1.497,0.03322247,0.017510776
65.3,120.0,170.0,0.56,1.633,0.053698276,0.014560823
65.3,120.8,169.2,0.561,1.67,0.059445084,0.018824084
65.3,121.6,168.4,0.562,1.515,0.036288899,0.019763085
65.3,122.4,167.6,0.562,1.558,0.042763562,0.019489472
65.3,123.2,166.8,0.563,1.614,0.051372802,0.018963458
65.3,124.0,166.0,0.564,1.708,0.065698504,0.017038446
65.3,124.8,165.2,0.565,1.628,0.053836003,0.017287796
65.3,125.6,164.4,0.565,1.68,0.061662363,0.011493389
65.3,126.4,163.6,0.566,1.468,0.029924151,0.015830592
65.3,127.2,162.8,0.567,1.52,0.037932029,0.020416969
65.3,128.0,162.0,0.568,1.332,0.009795455,0.023608398
65.3,128.8,161.2,0.569,1.511,0.036932972,0.021262905
65.3,129.6,160.4,0.571,1.712,0.067546899,0.019042692
65.3,130.4,159.6,0.572,1.548,0.043038351,0.021877382
65.3,131.2,158.8,0.573,1.834,0.085798602,0.023718002
65.3,132.0,158.0,0.574,1.698,0.065973959,0.019871911
65.3,132.8,157.2,0.575,1.501,0.03649555,0.022715693
65.3,133.6,156.4,0.577,1.633,0.056725167,0.023060192
65.3,134.4,155.6,0.578,1.534,0.041998636,0.014759411
65.3,135.2,154.8,0.58,1.384,0.019826914,0.015063996
65.3,136.0,154.0,0.581,1.426,0.026318309,0.018056017
65.3,136.8,153.2,0.583,1.75,0.075362581,0.024360795
65.3,137.6,152.4,0.584,1.637,0.058573562,0.020610571
65.3,138.4,151.6,0.586,1.558,0.047036821,0.016033988
65.3,139.2,150.8,0.587,1.651,0.061214816,0.021259383
65.3,140.0,150.0,0.589,1.694,0.0680182,0.02053864
65.3,140.8,149.2,0.591,1.609,0.055605735,0.019726563
65.3,141.6,148.4,0.592,1.52,0.042408022,0.01570012
65.3,142.4,147.6,0.594,1.651,0.062447943,0.020399306
65.3,143.2,146.8,0.596,1.675,0.066400522,0.014935662
65.3,144.0,146.0,0.598,1.656,0.063902389,0.018460787
65.3,144.8,145.2,0.6,1.436,0.031243072,0.020871954
65.3,145.6,144.4,0.602,1.478,0.03790121,0.020762226
65.3,146.4,143.6,0.604,1.581,0.053712132,0.020255667
65.3,147.2,142.8,0.606,1.633,0.061868613,0.019757821
65.3,148.0,142.0,0.608,1.562,0.051570619,0.015627195
65.3,148.8,141.2,0.61,1.342,0.01891381,0.015411377
65.3,149.6,140.4,0.612,1.548,0.050179403,0.014923096
65.3,150.4,139.6,0.614,1.478,0.040039936,0.020294189
65.3,151.2,138.8,0.616,1.595,0.057941807,0.019966947
65.3,152.0,138.0,0.618,1.44,0.035076941,0.024969952
65.3,152.8,137.2,0.62,1.543,0.050848335,0.031889817
65.3,153.6,136.4,0.622,1.576,0.056155102,0.023973809
65.3,154.4,135.6,0.624,1.511,0.046769775,0.018418903
65.3,155.2,134.8,0.626,1.497,0.045035829,0.026243916
65.3,156.0,134.0,0.629,1.633,0.065948899,0.02299205
65.3,156.8,133.2,0.631,1.684,0.073932968,0.022935417
65.3,157.6,132.4,0.633,1.497,0.046293027,0.026047279
65.3,158.4,131.6,0.635,1.492,0.045904674,0.017306858
65.3,159.2,130.8,0.638,1.511,0.049284171,0.016121848
65.3,160.0,130.0,0.64,1.6,0.062949794,0.018118722
65.3,160.8,129.2,0.642,1.609,0.064646139,0.016378838
65.3,161.6,128.4,0.644,1.323,0.022260412,0.020791903
65.3,162.4,127.6,0.647,1.661,0.073299227,0.022857344
65.3,163.2,126.8,0.649,1.464,0.044228212,0.028282791
65.3,164.0,126.0,0.651,1.651,0.072504044,0.015335787
65.3,164.8,125.2,0.653,1.398,0.035106327,0.013386995
65.3,165.6,124.4,0.656,1.717,0.083251069,0.015988817
65.3,166.4,123.6,0.658,1.534,0.056302496,0.015824298
65.3,167.2,122.8,0.66,1.422,0.039931405,0.015414369
65.3,168.0,122.0,0.662,1.553,0.059840471,0.016747008
65.3,168.8,121.2,0.665,1.379,0.034428051,0.023986816
65.3,169.6,120.4,0.667,1.412,0.039696954,0.022715693
65.3,170.4,119.6,0.669,1.548,0.06033402,0.016028747
65.3,171.2,118.8,0.671,1.417,0.041157371,0.020668264
65.3,172.0,118.0,0.674,1.501,0.054217221,0.01465337
65.3,172.8,117.2,0.676,1.253,0.017611847,0.016446372
65.3,173.6,116.4,0.678,1.497,0.054329003,0.018726749
65.3,174.4,115.6,0.68,1.609,0.071368287,0.017530488
65.3,175.2,114.8,0.682,1.393,0.039554944,0.019068668
65.3,176.0,114.0,0.684,1.468,0.051077189,0.020535714
65.3,176.8,113.2,0.686,1.525,0.059925363,0.016716452
65.3,177.6,112.4,0.688,1.36,0.035715748,0.024871826
65.3,178.4,111.6,0.69,1.389,0.040388402,0.017773438
65.3,179.2,110.8,0.692,1.468,0.052505885,0.0144402
65.3,180.0,110.0,0.694,1.215,0.015198442,0.017205727
65.3,180.8,109.2,0.696,1.295,0.027507102,0.017103171
65.3,181.6,108.4,0.698,1.436,0.048811151,0.018890672
65.3,182.4,107.6,0.7,1.332,0.033712285,0.014320483
65.3,183.2,106.8,0.702,1.431,0.048781451,0.016506288
65.3,184.0,106.0,0.704,1.332,0.034438154,0.015476393
65.3,184.8,105.2,0.706,1.431,0.0494958,0.016512784
65.3,185.6,104.4,0.708,1.398,0.044942255,0.015125868
65.3,186.4,103.6,0.709,1.398,0.045120842,0.018766984
65.3,187.2,102.8,0.711,1.543,0.067035096,0.015521672
65.3,188.0,102.0,0.713,1.088,0.001,0.017259247
65.3,188.8,101.2,0.714,1.407,0.047359545,0.01355132
65.3,189.6,100.4,0.716,1.145,0.008720792,0.01869343
65.3,190.4,99.6,0.717,1.375,0.043165081,0.021392346
65.3,191.2,98.8,0.719,1.187,0.015547869,0.020800781
65.3,192.0,98.0,0.72,1.407,0.048448349,0.02271412
65.3,192.8,97.2,0.722,1.304,0.033557003,0.022874099
65.3,193.6,96.4,0.723,1.29,0.031664689,0.021263861
65.3,194.4,95.6,0.725,1.468,0.058370797,0.017868042
65.3,195.2,94.8,0.726,1.07,0.001,0.01208866
65.3,196.0,94.0,0.727,1.145,0.010716433,0.013241108
65.3,196.8,93.2,0.728,1.239,0.024955403,0.013918901
65.3,197.6,92.4,0.729,1.079,0.001043067,0.011384592
65.3,198.4,91.6,0.731,1.234,0.024750285,0.011363923
65.3,199.2,90.8,0.732,1.243,0.026277512,0.010379914
65.3,200.0,90.0,0.733,1.243,0.026458451,0.010498047
65.3,200.8,89.2,0.734,1.276,0.031575779,0.011414575
65.3,201.6,88.4,0.735,1.248,0.027568268,0.013687626
65.3,202.4,87.6,0.735,1.135,0.0107128,0.016927083
65.3,203.2,86.8,0.736,1.361,0.044531262,0.016517376
65.3,204.0,86.0,0.737,1.126,0.009746495,0.009225028
65.3,204.8,85.2,0.738,1.192,0.019734186,0.00978184
65.3,205.6,84.4,0.738,0.966,0.001,0.012750639
65.3,206.4,83.6,0.739,1.314,0.038113872,0.015727796
65.3,207.2,82.8,0.74,1.299,0.036073468,0.012752296
65.3,208.0,82.0,0.74,1.093,0.005320551,0.016048791
65.3,208.8,81.2,0.741,1.346,0.043214617,0.022705078
65.3,209.6,80.4,0.741,1.384,0.048823098,0.013632813
65.3,210.4,79.6,0.742,1.055,0.001444717,0.017504422
65.3,211.2,78.8,0.742,1.163,0.016167827,0.015256486
65.3,212.0,78.0,0.742,1.163,0.016167827,0.013502855
65.3,212.8,77.2,0.743,1.295,0.036023928,0.01202003
65.3,213.6,76.4,0.743,1.314,0.03883763,0.011298107
65.3,214.4,75.6,0.743,1.032,0.001,0.017549347
65.3,215.2,74.8,0.743,1.051,0.001,0.013010523
65.3,216.0,74.0,0.743,1.22,0.024827334,0.009570313
65.3,216.8,73.2,0.743,1.22,0.024827334,0.018809443
65.3,217.6,72.4,0.743,1.037,0.001,0.017001065
65.3,218.4,71.6,0.743,1.295,0.036023928,0.020594618
65.3,219.2,70.8,0.743,1.088,0.005121447,0.012451172
65.3,220.0,70.0,0.743,1.243,0.028267847,0.010933254
65.3,220.8,69.2,0.743,1.328,0.040910884,0.013574407
65.3,221.6,68.4,0.743,1.239,0.027669497,0.014945365
65.3,222.4,67.6,0.743,1.027,0.001,0.013025571
65.3,223.2,66.8,0.742,1.135,0.012009194,0.013295419
65.3,224.0,66.0,0.742,1.131,0.011415104,0.010099712
65.3,224.8,65.2,0.742,1.088,0.004940201,0.00906033
65.3,225.6,64.4,0.741,1.102,0.00686856,0.012207031
65.3,226.4,63.6,0.741,1.009,0.001,0.010172526
65.3,227.2,62.8,0.74,1.168,0.016540042,0.01515067
65.3,228.0,62.0,0.74,1.055,0.001,0.015337776
65.3,228.8,61.2,0.74,0.994,0.001,0.011021205
65.3,229.6,60.4,0.739,0.976,0.001,0.0107745
65.3,230.4,59.6,0.738,0.976,0.001,0.01306399
65.3,231.2,58.8,0.738,1.065,0.000743648,0.008640676
65.3,232.0,58.0,0.737,0.971,0.001,0.010430754
65.3,232.8,57.2,0.737,1.173,0.016727057,0.0108858
65.3,233.6,56.4,0.736,1.023,0.001,0.012073864
65.3,234.4,55.6,0.735,1.055,0.001,0.008996212
65.3,235.2,54.8,0.735,0.924,0.001,0.007131866
65.3,236.0,54.0,0.734,0.868,0.001,0.005273438
65.3,236.8,53.2,0.733,0.887,0.001,0.004451976
65.3,237.6,52.4,0.733,0.966,0.001,0.006433824
65.3,238.4,51.6,0.732,1.131,0.009563112,0.009636374
65.3,239.2,50.8,0.731,0.924,0.001,0.013806783
65.3,240.0,50.0,0.73,0.901,0.001,0.01401162
65.3,240.8,49.2,0.73,1.107,0.005589035,0.013226677
65.3,241.6,48.4,0.729,0.929,0.001,0.009219899
65.3,242.4,47.6,0.728,0.816,0.001,0.005608259
65.3,243.2,46.8,0.727,0.91,0.001,0.008581913
65.3,244.0,46.0,0.726,0.924,0.001,0.008013557
65.3,244.8,45.2,0.726,1.06,0.001,0.00697955
65.3,245.6,44.4,0.725,0.985,0.001,0.008071002
65.3,246.4,43.6,0.724,0.633,0.001,0.006487986
65.3,247.2,42.8,0.723,0.872,0.001,0.005347358
65.3,248.0,42.0,0.722,0.835,0.001,0.004207251
65.3,248.8,41.2,0.722,1.06,0.001,0.005377186
65.3,249.6,40.4,0.721,0.877,0.001,0.008530561
65.3,250.4,39.6,0.72,0.788,0.001,0.008789063
65.3,251.2,38.8,0.719,0.75,0.001,0.007242839
65.3,252.0,38.0,0.719,0.619,0.001,0.005329241
65.3,252.8,37.2,0.718,0.741,0.001,0.005399816
65.3,253.6,36.4,0.717,0.811,0.001,0.005170037
65.3,254.4,35.6,0.716,0.76,0.001,0.003847064
65.3,255.2,34.8,0.716,0.882,0.001,0.005884318
65.3,256.0,34.0,0.715,0.793,0.001,0.008026123
65.3,256.8,33.2,0.714,0.638,0.001,0.004386483
65.3,257.6,32.4,0.714,0.83,0.001,0.003173828
65.3,258.4,31.6,0.713,0.765,0.001,0.003653067
65.3,259.2,30.8,0.712,0.811,0.001,0.003653067
65.3,260.0,30.0,0.712,0.647,0.001,0.003540039
65.3,260.8,29.2,0.711,0.713,0.001,0.001546224
65.3,261.6,28.4,0.711,0.779,0.001,0.003566576
65.3,262.4,27.6,0.71,0.68,0.001,0.001464844
65.3,263.2,26.8,0.71,0.793,0.001,0.002738621
65.3,264.0,26.0,0.709,0.694,0.001,0.003766135
65.3,264.8,25.2,0.709,0.863,0.001,0.001109484
65.3,265.6,24.4,0.709,0.553,0.001,0.001301655
65.3,266.4,23.6,0.708,0.628,0.001,0.001627604
65.3,267.2,22.8,0.708,0.75,0.001,0.00234375
65.3,268.0,22.0,0.708,0.652,0.001,0.002022879
65.3,268.8,21.2,0.707,0.675,0.001,0.002790179
65.3,269.6,20.4,0.707,0.685,0.001,0.000418527
65.3,270.4,19.6,0.707,0.779,0.001,0.000585938
65.3,271.2,18.8,0.707,0.633,0.001,0.000854492
65.3,272.0,18.0,0.707,0.643,0.001,0.000895182
65.3,272.8,17.2,0.707,0.783,0.001,0.001
65.3,273.6,16.4,0.707,0.657,0.001,0.001
65.3,274.4,15.6,0.707,0.638,0.001,0.001
65.3,275.2,14.8,0.707,0.549,0.001,0.001
65.3,276.0,14.0,0.707,0.633,0.001,0.001
65.3,276.8,13.2,0.707,0.657,0.001,0.001
65.3,277.6,12.4,0.707,0.445,0.001,0.001
65.3,278.4,11.6,0.708,0.506,0.001,0.001
65.3,279.2,10.8,0.708,0.521,0.001,0.001
65.3,280.0,10.0,0.708,0.549,0.001,0.001
65.3,280.8,9.2,0.709,0.384,0.001,0.001
65.3,281.6,8.4,0.709,0.469,0.001,0.001
65.3,282.4,7.6,0.709,0.492,0.001,0.001
65.3,283.2,6.8,0.71,0.441,0.001,0.001
65.3,284.0,6.0,0.711,0.577,0.001,0.001
65.3,284.8,5.2,0.711,0.417,0.001,0.001
65.3,285.6,4.4,0.712,0.591,0.001,0.001
65.3,286.4,3.6,0.713,0.455,0.001,0.001
65.3,287.2,2.8,0.713,0.408,0.001,0.001
65.3,288.0,2.0,0.714,0.253,0.001,0.001
65.3,288.8,1.2,0.715,0.342,0.001,0.001
65.3,289.6,0.4,0.716,0.384,0.001,0.001
79.7,0.001,330.0,1.24,1.393,0.137871168,0.001
79.7,0.8,329.2,1.102,1.572,0.13948665,0.001
79.7,1.6,328.4,1.019,1.816,0.160100345,0.001
79.7,2.4,327.6,0.949,1.891,0.158503192,0.001
79.7,3.2,326.8,0.829,1.971,0.144091997,0.001
79.7,4.0,326.0,0.767,2.122,0.136984638,0.001
79.7,4.8,325.2,0.77,1.844,0.121406148,0.001
79.7,5.6,324.4,0.763,1.971,0.132776398,0.001
79.7,6.4,323.6,0.79,2.258,0.139586802,0.001
79.7,7.2,322.8,0.716,2.028,0.126664027,0.001
79.7,8.0,322.0,0.699,2.136,0.124897204,0.001
79.7,8.8,321.2,0.796,1.807,0.120695925,0.001
79.7,9.6,320.4,0.749,2.305,0.131933818,0.001
79.7,10.4,319.6,0.759,2.084,0.135982673,0.001
79.7,11.2,318.8,0.793,2.178,0.140949079,0.001
79.7,12.0,318.0,0.779,2.296,0.137272687,0.001
79.7,12.8,317.2,0.76,2.206,0.134886384,0.001
79.7,13.6,316.4,0.713,2.221,0.126490645,0.001
79.7,14.4,315.6,0.734,1.844,0.115236241,0.001
79.7,15.2,314.8,0.747,2.159,0.133099082,0.001
79.7,16.0,314.0,0.74,2.211,0.131331008,0.001
79.7,16.8,313.2,0.756,2.333,0.13287073,0.001
79.7,17.6,312.4,0.795,1.981,0.138645641,0.001
79.7,18.4,311.6,0.739,1.948,0.127842468,0.001
79.7,19.2,310.8,0.735,2.164,0.130942144,0.001
79.7,20.0,310.0,0.772,2.014,0.135863985,0.001
79.7,20.8,309.2,0.75,2.197,0.133228546,0.001
79.7,21.6,308.4,0.75,2.244,0.132739093,0.001
79.7,22.4,307.6,0.763,2.014,0.134328694,0.001
79.7,23.2,306.8,0.722,2.23,0.127979697,0.001
79.7,24.0,306.0,0.77,2.141,0.137310694,0.001
79.7,24.8,305.2,0.795,2.079,0.142301579,0.001
79.7,25.6,304.4,0.781,1.92,0.134005886,0.001
79.7,26.4,303.6,0.747,1.906,0.126224662,0.001
79.7,27.2,302.8,0.727,1.948,0.125789972,0.001
79.7,28.0,302.0,0.772,1.981,0.134672688,0.001
79.7,28.8,301.2,0.734,2.145,0.13096087,0.001
79.7,29.6,300.4,0.697,2.004,0.122548742,0.001
79.7,30.4,299.6,0.717,2.169,0.127725806,0.001
79.7,31.2,298.8,0.687,1.92,0.11792249,0.001
79.7,32.0,298.0,0.695,2.272,0.122809739,0.001
79.7,32.8,297.2,0.753,2.018,0.13276404,0.001
79.7,33.6,296.4,0.786,1.906,0.132883487,0.001
79.7,34.4,295.6,0.735,2.075,0.131628057,0.001
79.7,35.2,294.8,0.765,1.873,0.124644983,0.001
79.7,36.0,294.0,0.735,1.906,0.124172166,0.001
79.7,36.8,293.2,0.724,2.0,0.127076614,0.001
79.7,37.6,292.4,0.776,2.084,0.138963681,0.001
79.7,38.4,291.6,0.779,1.934,0.134170109,0.001
79.7,39.2,290.8,0.814,2.098,0.145474187,0.001
79.7,40.0,290.0,0.811,2.094,0.144991791,0.001
79.7,40.8,289.2,0.752,2.155,0.134016586,0.001
79.7,41.6,288.4,0.803,2.037,0.14212221,0.001
79.7,42.4,287.6,0.729,2.249,0.129009014,0.001
79.7,43.2,286.8,0.75,2.155,0.133666259,0.001
79.7,44.0,286.0,0.706,2.023,0.124774608,0.001
79.7,44.8,285.2,0.722,2.018,0.127352874,0.001
79.7,45.6,284.4,0.757,2.004,0.132942807,0.001
79.7,46.4,283.6,0.775,2.258,0.136966456,0.001
79.7,47.2,282.8,0.73,2.023,0.12893437,0.001
79.7,48.0,282.0,0.767,2.235,0.135806982,0.001
79.7,48.8,281.2,0.804,1.915,0.137225993,0.001
79.7,49.6,280.4,0.749,2.098,0.134080473,0.001
79.7,50.4,279.6,0.73,2.117,0.130544135,0.001
79.7,51.2,278.8,0.732,2.004,0.128623219,0.001
79.7,52.0,278.0,0.719,1.985,0.125678244,0.001
79.7,52.8,277.2,0.755,2.037,0.133792021,0.001
79.7,53.6,276.4,0.796,2.075,0.142327768,0.001
79.7,54.4,275.6,0.723,2.145,0.129026183,0.001
79.7,55.2,274.8,0.767,1.92,0.131617655,0.001
79.7,56.0,274.0,0.78,2.103,0.139463886,0.001
79.7,56.8,273.2,0.729,2.258,0.128916047,0.001
79.7,57.6,272.4,0.754,1.934,0.129902689,0.001
79.7,58.4,271.6,0.759,2.183,0.134950921,0.001
79.7,59.2,270.8,0.739,2.112,0.132178273,0.001
79.7,60.0,270.0,0.717,2.084,0.128594954,0.001
79.7,60.8,269.2,0.731,2.188,0.129992804,0.001
79.7,61.6,268.4,0.695,2.126,0.124292335,0.001
79.7,62.4,267.6,0.691,2.263,0.122198533,0.001
79.7,63.2,266.8,0.699,2.211,0.124134125,0.001
79.7,64.0,266.0,0.732,1.948,0.126645178,0.001
79.7,64.8,265.2,0.681,2.253,0.120545271,0.001
79.7,65.6,264.4,0.722,1.962,0.12539903,0.001
79.7,66.4,263.6,0.71,1.934,0.122355378,0.001
79.7,67.2,262.8,0.686,2.188,0.122081293,0.001
79.7,68.0,262.0,0.713,2.108,0.127648038,0.001
79.7,68.8,261.2,0.707,2.122,0.126448989,0.001
79.7,69.6,260.4,0.701,2.192,0.124680008,0.001
79.7,70.4,259.6,0.701,1.915,0.1196098,0.001
79.7,71.2,258.8,0.69,2.206,0.122604587,0.001
79.7,72.0,258.0,0.73,1.656,0.087153088,0.001
79.7,72.8,257.2,0.706,2.174,0.125742566,0.001
79.7,73.6,256.4,0.729,1.967,0.126804645,0.001
79.7,74.4,255.6,0.699,2.174,0.124513094,0.001
79.7,75.2,254.8,0.65,2.136,0.116250999,0.001
79.7,76.0,254.0,0.706,1.986,0.123483675,0.001
79.7,76.8,253.2,0.679,2.249,0.120234115,0.001
79.7,77.6,252.4,0.693,2.31,0.122076013,0.001
79.7,78.4,251.6,0.671,2.094,0.120379668,0.001
79.7,79.2,250.8,0.717,2.117,0.128258412,0.001
79.7,80.0,250.0,0.738,2.065,0.131806798,0.001
79.7,80.8,249.2,0.712,2.0,0.125001117,0.001
79.7,81.6,248.4,0.718,1.877,0.117129043,0.001
79.7,82.4,247.6,0.72,1.995,0.126198641,0.001
79.7,83.2,246.8,0.715,1.995,0.125341157,0.001
79.7,84.0,246.0,0.732,2.174,0.130312078,0.001
79.7,84.8,245.2,0.717,2.131,0.128115018,0.001
79.7,85.6,244.4,0.713,2.0,0.125172614,0.001
79.7,86.4,243.6,0.72,1.854,0.114213627,0.001
79.7,87.2,242.8,0.781,1.981,0.13620798,0.001
79.7,88.0,242.0,0.668,2.023,0.118068073,0.001
79.7,88.8,241.2,0.643,1.948,0.111268261,0.001
79.7,89.6,240.4,0.609,1.981,0.106447621,0.001
79.7,90.4,239.6,0.658,1.83,0.100079148,0.001
79.7,91.2,238.8,0.676,2.136,0.120841752,0.001
79.7,92.0,238.0,0.664,1.957,0.115171341,0.001
79.7,92.8,237.2,0.644,2.159,0.114962732,0.014648438
79.7,93.6,236.4,0.633,1.873,0.10186912,0.016113281
79.7,94.4,235.6,0.658,1.901,0.110227163,0.009033203
79.7,95.2,234.8,0.676,1.92,0.116034195,0.015869141
79.7,96.0,234.0,0.719,2.202,0.127739084,0.015055339
79.7,96.8,233.2,0.731,2.159,0.130289834,0.012527902
79.7,97.6,232.4,0.753,1.75,0.105140461,0.012442453
79.7,98.4,231.6,0.738,2.037,0.130829876,0.015869141
79.7,99.2,230.8,0.752,1.953,0.130246505,0.014404297
79.7,100.0,230.0,0.758,1.906,0.128106117,0.014729818
79.7,100.8,229.2,0.742,2.061,0.13237076,0.015447443
79.7,101.6,228.4,0.756,2.037,0.133963062,0.015364583
79.7,102.4,227.6,0.715,1.938,0.123352422,0.018310547
79.7,103.2,226.8,0.716,1.995,0.125512654,0.015711167
79.7,104.0,226.0,0.72,2.277,0.127149961,0.016677635
79.7,104.8,225.2,0.721,1.948,0.124734688,0.015980114
79.7,105.6,224.4,0.653,2.206,0.11608686,0.017872203
79.7,106.4,223.6,0.651,1.877,0.105597985,0.017883301
79.7,107.2,222.8,0.732,1.844,0.114887377,0.015671503
79.7,108.0,222.0,0.739,1.938,0.127481469,0.014125279
79.7,108.8,221.2,0.737,1.816,0.111785124,0.016714243
79.7,109.6,220.4,0.721,1.976,0.12571161,0.013776507
79.7,110.4,219.6,0.7,1.765,0.098087876,0.016601563
79.7,111.2,218.8,0.702,1.882,0.115071238,0.020132212
79.7,112.0,218.0,0.682,2.047,0.121351137,0.016280563
79.7,112.8,217.2,0.788,2.004,0.138275795,0.014358912
79.7,113.6,216.4,0.755,1.835,0.117575201,0.022513253
79.7,114.4,215.6,0.765,2.018,0.134814269,0.017510851
79.7,115.2,214.8,0.763,2.211,0.135358345,0.015980748
79.7,116.0,214.0,0.758,1.727,0.102602461,0.017433449
79.7,116.8,213.2,0.787,2.056,0.14004027,0.017415365
79.7,117.6,212.4,0.798,1.807,0.121043289,0.019880022
79.7,118.4,211.6,0.841,1.826,0.131104061,0.022424769
79.7,119.2,210.8,0.81,1.849,0.12898555,0.019880022
79.7,120.0,210.0,0.822,1.924,0.141139286,0.018382885
79.7,120.8,209.2,0.789,2.051,0.140204564,0.016784668
79.7,121.6,208.4,0.778,1.638,0.092913559,0.017467913
79.7,122.4,207.6,0.788,1.779,0.115377449,0.02098886
79.7,123.2,206.8,0.762,1.844,0.120041444,0.022059849
79.7,124.0,206.0,0.769,1.835,0.119965699,0.017382813
79.7,124.8,205.2,0.785,2.028,0.138644896,0.020019531
79.7,125.6,204.4,0.765,1.854,0.121964165,0.018442007
79.7,126.4,203.6,0.785,1.755,0.111450981,0.018398438
79.7,127.2,202.8,0.762,1.652,0.092182679,0.017473493
79.7,128.0,202.0,0.748,1.821,0.114402572,0.022664388
79.7,128.8,201.2,0.722,1.826,0.110588078,0.019880022
79.7,129.6,200.4,0.673,1.788,0.096678096,0.020249761
79.7,130.4,199.6,0.745,1.826,0.114594926,0.02314395
79.7,131.2,198.8,0.704,1.901,0.118126084,0.02687779
79.7,132.0,198.0,0.706,1.703,0.089951531,0.0232497
79.7,132.8,197.2,0.734,1.727,0.098406732,0.029157366
79.7,133.6,196.4,0.739,1.722,0.098535517,0.031775841
79.7,134.4,195.6,0.755,1.934,0.130073731,0.027692522
79.7,135.2,194.8,0.78,1.718,0.105111746,0.019492188
79.7,136.0,194.0,0.762,2.009,0.133977606,0.0240625
79.7,136.8,193.2,0.841,1.581,0.095521854,0.024775752
79.7,137.6,192.4,0.839,1.746,0.119486641,0.020099346
79.7,138.4,191.6,0.854,1.793,0.128722198,0.019932338
79.7,139.2,190.8,0.828,1.661,0.10505048,0.024801794
79.7,140.0,190.0,0.821,1.901,0.138153806,0.022731585
79.7,140.8,189.2,0.812,1.812,0.124133903,0.022135417
79.7,141.6,188.4,0.849,1.962,0.147196918,0.021809896
79.7,142.4,187.6,0.824,1.783,0.122162219,0.021087646
79.7,143.2,186.8,0.799,1.877,0.131039522,0.020665323
79.7,144.0,186.0,0.742,1.75,0.103221709,0.02520752
79.7,144.8,185.2,0.75,1.779,0.108800836,0.022966056
79.7,145.6,184.4,0.726,1.713,0.094929828,0.026436942
79.7,146.4,183.6,0.734,1.511,0.066336353,0.017891678
79.7,147.2,182.8,0.747,1.586,0.079755164,0.014843935
79.7,148.0,182.0,0.754,1.656,0.091369415,0.018859863
79.7,148.8,181.2,0.791,1.882,0.130351678,0.015760634
79.7,149.6,180.4,0.776,1.746,0.108557102,0.015625
79.7,150.4,179.6,0.721,1.906,0.121769111,0.020577567
79.7,151.2,178.8,0.725,1.76,0.101743116,0.019505551
79.7,152.0,178.0,0.793,1.882,0.130699041,0.023237749
79.7,152.8,177.2,0.755,1.76,0.106976073,0.020263672
79.7,153.6,176.4,0.768,1.572,0.081398999,0.018991424
79.7,154.4,175.6,0.753,1.591,0.081552858,0.023145129
79.7,155.2,174.8,0.723,1.624,0.081174469,0.027728853
79.7,156.0,174.0,0.784,1.699,0.102997131,0.022092634
79.7,156.8,173.2,0.809,1.816,0.124184782,0.021835576
79.7,157.6,172.4,0.861,1.779,0.127988216,0.020246233
79.7,158.4,171.6,0.845,1.976,0.147057239,0.025090144
79.7,159.2,170.8,0.822,1.83,0.128374882,0.025948661
79.7,160.0,170.0,0.746,1.708,0.097675092,0.020976563
79.7,160.8,169.2,0.767,1.732,0.104923922,0.027011719
79.7,161.6,168.4,0.761,1.868,0.123257152,0.018862124
79.7,162.4,167.6,0.754,1.877,0.123330177,0.022890531
79.7,163.2,166.8,0.762,1.671,0.095000386,0.023385184
79.7,164.0,166.0,0.781,1.774,0.113460064,0.015452112
79.7,164.8,165.2,0.78,1.483,0.070373806,0.023576311
79.7,165.6,164.4,0.777,1.873,0.126692038,0.024797712
79.7,166.4,163.6,0.804,1.779,0.118142179,0.024963379
79.7,167.2,162.8,0.79,1.985,0.137917811,0.024257115
79.7,168.0,162.0,0.807,1.901,0.135771893,0.018259876
79.7,168.8,161.2,0.814,1.868,0.132332218,0.024676983
79.7,169.6,160.4,0.798,1.68,0.102619335,0.019106658
79.7,170.4,159.6,0.875,1.76,0.127769392,0.017618815
79.7,171.2,158.8,0.829,1.765,0.120516264,0.020450346
79.7,172.0,158.0,0.809,1.83,0.126149292,0.023602973
79.7,172.8,157.2,0.767,1.713,0.102106215,0.02451031
79.7,173.6,156.4,0.788,1.76,0.112711327,0.018214026
79.7,174.4,155.6,0.757,1.896,0.126524119,0.020996094
79.7,175.2,154.8,0.725,1.609,0.079297329,0.017141789
79.7,176.0,154.0,0.797,1.943,0.137578853,0.023226351
79.7,176.8,153.2,0.709,1.741,0.096125095,0.025989879
79.7,177.6,152.4,0.79,1.99,0.138104339,0.026292067
79.7,178.4,151.6,0.791,1.642,0.095784876,0.018717448
79.7,179.2,150.8,0.778,1.671,0.097807471,0.022308709
79.7,180.0,150.0,0.772,1.732,0.105792332,0.018362863
79.7,180.8,149.2,0.801,1.577,0.08792681,0.018690438
79.7,181.6,148.4,0.79,1.694,0.103299922,0.021120977
79.7,182.4,147.6,0.811,1.614,0.095132464,0.020836123
79.7,183.2,146.8,0.792,1.633,0.094627817,0.024641927
79.7,184.0,146.0,0.74,1.703,0.095885126,0.022979736
79.7,184.8,145.2,0.78,1.525,0.076580678,0.026636584
79.7,185.6,144.4,0.751,1.473,0.063739561,0.020821708
79.7,186.4,143.6,0.766,1.544,0.076906275,0.018585205
79.7,187.2,142.8,0.757,1.656,0.091897205,0.023649525
79.7,188.0,142.0,0.734,1.609,0.080880699,0.01751709
79.7,188.8,141.2,0.761,1.854,0.121281813,0.019415562
79.7,189.6,140.4,0.803,1.581,0.088870223,0.016080584
79.7,190.4,139.6,0.726,1.647,0.085117287,0.019674367
79.7,191.2,138.8,0.752,1.656,0.091017555,0.021809896
79.7,192.0,138.0,0.758,1.647,0.090738432,0.018280029
79.7,192.8,137.2,0.776,1.891,0.129061172,0.016764323
79.7,193.6,136.4,0.748,1.769,0.107032539,0.018463135
79.7,194.4,135.6,0.785,1.788,0.116119302,0.015003551
79.7,195.2,134.8,0.722,1.393,0.046736975,0.018052455
79.7,196.0,134.0,0.79,1.666,0.099159838,0.022100927
79.7,196.8,133.2,0.715,1.764,0.10056553,0.021549479
79.7,197.6,132.4,0.73,1.628,0.082994686,0.02298584
79.7,198.4,131.6,0.757,1.703,0.098867322,0.026252421
79.7,199.2,130.8,0.729,1.699,0.093371676,0.025976563
79.7,200.0,130.0,0.764,1.501,0.070193717,0.018980369
79.7,200.8,129.2,0.763,1.727,0.103480649,0.021455653
79.7,201.6,128.4,0.806,1.605,0.092926934,0.018212891
79.7,202.4,127.6,0.765,1.746,0.1066466,0.018930288
79.7,203.2,126.8,0.786,1.591,0.087355886,0.020092773
79.7,204.0,126.0,0.726,1.628,0.082292464,0.019399282
79.7,204.8,125.2,0.761,1.83,0.117895517,0.018883559
79.7,205.6,124.4,0.778,1.656,0.095582966,0.017519769
79.7,206.4,123.6,0.774,1.417,0.059576682,0.021903926
79.7,207.2,122.8,0.751,1.595,0.08179469,0.015325373
79.7,208.0,122.0,0.819,1.699,0.10909367,0.01953125
79.7,208.8,121.2,0.785,1.544,0.080256808,0.020019531
79.7,209.6,120.4,0.807,1.661,0.10138206,0.02199707
79.7,210.4,119.6,0.751,1.614,0.08461301,0.018298921
79.7,211.2,118.8,0.786,1.661,0.097725809,0.016662598
79.7,212.0,118.0,0.758,1.821,0.116112985,0.015100991
79.7,212.8,117.2,0.785,1.797,0.117382202,0.017171224
79.7,213.6,116.4,0.797,1.741,0.111465122,0.014719911
79.7,214.4,115.6,0.82,1.656,0.10291721,0.011747531
79.7,215.2,114.8,0.887,1.656,0.11455226,0.012822824
79.7,216.0,114.0,0.787,1.558,0.082670053,0.013331214
79.7,216.8,113.2,0.736,1.398,0.049995709,0.013183594
79.7,217.6,112.4,0.778,1.577,0.083889984,0.016756925
79.7,218.4,111.6,0.732,1.539,0.070140336,0.020601713
79.7,219.2,110.8,0.699,1.675,0.084562152,0.018490999
79.7,220.0,110.0,0.769,1.572,0.081574442,0.017474235
79.7,220.8,109.2,0.731,1.765,0.103499424,0.017533804
79.7,221.6,108.4,0.758,1.642,0.08999693,0.022718683
79.7,222.4,107.6,0.711,1.75,0.097812449,0.020996094
79.7,223.2,106.8,0.802,1.271,0.043135961,0.020146909
79.7,224.0,106.0,0.776,1.689,0.100125992,0.017411936
79.7,224.8,105.2,0.78,1.52,0.075844121,0.019601004
79.7,225.6,104.4,0.796,1.37,0.056588326,0.015676398
79.7,226.4,103.6,0.731,1.638,0.084653619,0.021411133
79.7,227.2,102.8,0.79,1.492,0.073473831,0.014905428
79.7,228.0,102.0,0.742,1.356,0.044873749,0.014526367
79.7,228.8,101.2,0.788,1.558,0.082845496,0.012695313
79.7,229.6,100.4,0.785,1.746,0.11012024,0.013016764
79.7,230.4,99.6,0.76,1.534,0.074362316,0.015566596
79.7,231.2,98.8,0.758,1.576,0.08021539,0.017764137
79.7,232.0,98.0,0.736,1.694,0.093849325,0.018127441
79.7,232.8,97.2,0.77,1.605,0.086616105,0.015237742
79.7,233.6,96.4,0.79,1.379,0.056843182,0.019287109
79.7,234.4,95.6,0.754,1.605,0.083806097,0.018722098
79.7,235.2,94.8,0.755,1.45,0.061052041,0.013580322
79.7,236.0,94.0,0.8,1.703,0.106367483,0.015625
79.7,236.8,93.2,0.94,1.304,0.072662479,0.016350446
79.7,237.6,92.4,0.9,1.501,0.094158131,0.011797132
79.7,238.4,91.6,0.939,1.313,0.073785364,0.014284698
79.7,239.2,90.8,0.854,1.483,0.08341247,0.018367513
79.7,240.0,90.0,0.908,1.52,0.098330984,0.014931509
79.7,240.8,89.2,0.846,1.506,0.085385742,0.016555165
79.7,241.6,88.4,0.789,1.624,0.092767225,0.013452148
79.7,242.4,87.6,0.822,1.501,0.080449909,0.010202508
79.7,243.2,86.8,0.786,1.313,0.046433982,0.010620117
79.7,244.0,86.0,0.753,1.285,0.036352428,0.008569336
79.7,244.8,85.2,0.807,1.271,0.044036455,0.01138529
79.7,245.6,84.4,0.793,1.398,0.060163342,0.010487432
79.7,246.4,83.6,0.819,1.2,0.035794141,0.009878422
79.7,247.2,82.8,0.789,1.384,0.057399129,0.012094351
79.7,248.0,82.0,0.719,1.506,0.0629548,0.011933336
79.7,248.8,81.2,0.773,1.417,0.059399099,0.012676124
79.7,249.6,80.4,0.783,1.482,0.070758708,0.014347957
79.7,250.4,79.6,0.799,1.327,0.050812721,0.013107639
79.7,251.2,78.8,0.793,1.403,0.060896871,0.010404147
79.7,252.0,78.0,0.775,1.417,0.059754265,0.007735907
79.7,252.8,77.2,0.782,1.064,0.008703467,0.009145883
79.7,253.6,76.4,0.808,1.191,0.032442458,0.010763417
79.7,254.4,75.6,0.775,1.36,0.051377872,0.010347806
79.7,255.2,74.8,0.758,1.163,0.019131014,0.009246169
79.7,256.0,74.0,0.809,1.276,0.045128412,0.011450873
79.7,256.8,73.2,0.825,1.511,0.082448428,0.008713942
79.7,257.6,72.4,0.82,1.238,0.041542699,0.009848059
79.7,258.4,71.6,0.793,1.29,0.044306366,0.009316406
79.7,259.2,70.8,0.774,1.384,0.054735388,0.010644531
79.7,260.0,70.0,0.765,1.219,0.02872075,0.008347284
79.7,260.8,69.2,0.837,1.36,0.062431432,0.013183594
79.7,261.6,68.4,0.985,1.341,0.085941172,0.011136968
79.7,262.4,67.6,1.048,1.121,0.065914278,0.009989421
79.7,263.2,66.8,1.011,1.351,0.091961552,0.010277066
79.7,264.0,66.0,0.944,1.153,0.05162505,0.01213437
79.7,264.8,65.2,0.801,1.393,0.060849976,0.015420096
79.7,265.6,64.4,0.854,1.323,0.060080152,0.011147115
79.7,266.4,63.6,0.844,1.332,0.059600478,0.007832845
79.7,267.2,62.8,0.846,1.252,0.048291406,0.011075107
79.7,268.0,62.0,0.807,1.262,0.042718543,0.010335286
79.7,268.8,61.2,0.778,1.224,0.031808748,0.005347842
79.7,269.6,60.4,0.796,1.337,0.051747032,0.010560501
79.7,270.4,59.6,0.768,1.111,0.0132307,0.008700284
79.7,271.2,58.8,0.787,1.182,0.027242865,0.010636426
79.7,272.0,58.0,0.815,1.247,0.041961154,0.010287198
79.7,272.8,57.2,0.763,0.947,0.001,0.013061972
79.7,273.6,56.4,0.763,1.257,0.03400378,0.009727354
79.7,274.4,55.6,0.771,1.153,0.020012302,0.007931083
79.7,275.2,54.8,0.788,1.078,0.011932055,0.011272321
79.7,276.0,54.0,0.796,1.153,0.024627743,0.013525391
79.7,276.8,53.2,0.747,1.017,0.001,0.004618877
79.7,277.6,52.4,0.798,0.984,0.001,0.00559082
79.7,278.4,51.6,0.762,1.003,0.001,0.009095982
79.7,279.2,50.8,0.747,0.89,0.001,0.006861637
79.7,280.0,50.0,0.77,0.984,0.001,0.007808003
79.7,280.8,49.2,0.792,1.027,0.004948734,0.005748145
79.7,281.6,48.4,0.775,1.102,0.013161842,0.005301921
79.7,282.4,47.6,0.772,0.961,0.001,0.00765634
79.7,283.2,46.8,0.784,0.942,0.001,0.00633286
79.7,284.0,46.0,0.793,0.97,0.001,0.007065717
79.7,284.8,45.2,0.824,0.904,0.001,0.009216309
79.7,285.6,44.4,0.773,0.918,0.001,0.00930447
79.7,286.4,43.6,0.793,0.965,0.001,0.005103327
79.7,287.2,42.8,0.783,0.796,0.001,0.008239746
79.7,288.0,42.0,0.771,0.773,0.001,0.009225202
79.7,288.8,41.2,0.793,0.848,0.001,0.006794521
79.7,289.6,40.4,0.786,0.777,0.001,0.005347116
79.7,290.4,39.6,0.785,0.806,0.001,0.007342142
79.7,291.2,38.8,0.831,0.693,0.001,0.004806519
79.7,292.0,38.0,0.804,0.679,0.001,0.005719866
79.7,292.8,37.2,0.841,0.707,0.001,0.005440848
79.7,293.6,36.4,0.878,0.862,0.001,0.004648438
79.7,294.4,35.6,0.873,0.735,0.001,0.005998884
79.7,295.2,34.8,0.811,0.721,0.001,0.004353841
79.7,296.0,34.0,0.837,0.608,0.001,0.003952753
79.7,296.8,33.2,0.874,0.599,0.001,0.005208333
79.7,297.6,32.4,0.841,0.655,0.001,0.003396739
79.7,298.4,31.6,0.877,0.514,0.001,0.002464658
79.7,299.2,30.8,0.824,0.542,0.001,0.002586728
79.7,300.0,30.0,0.793,0.613,0.001,0.001
79.7,300.8,29.2,0.831,0.533,0.001,0.001
79.7,301.6,28.4,0.807,0.683,0.001,0.001
79.7,302.4,27.6,0.839,0.373,0.001,0.001
79.7,303.2,26.8,0.804,0.533,0.001,0.001
79.7,304.0,26.0,0.772,0.613,0.001,0.001
79.7,304.8,25.2,0.83,0.415,0.001,0.001
79.7,305.6,24.4,0.859,0.397,0.001,0.001
79.7,306.4,23.6,0.836,0.317,0.001,0.001
79.7,307.2,22.8,0.858,0.472,0.001,0.001
79.7,308.0,22.0,0.849,0.5,0.001,0.001
79.7,308.8,21.2,0.833,0.152,0.001,0.001
79.7,309.6,20.4,0.878,0.43,0.001,0.001
79.7,310.4,19.6,0.88,0.176,0.001,0.001
79.7,311.2,18.8,0.887,0.195,0.001,0.001
79.7,312.0,18.0,0.847,0.321,0.001,0.001
79.7,312.8,17.2,0.874,0.307,0.001,0.001
79.7,313.6,16.4,0.859,0.317,0.001,0.001
79.7,314.4,15.6,0.88,0.213,0.001,0.001
79.7,315.2,14.8,0.918,0.213,0.001,0.001
79.7,316.0,14.0,0.892,0.11,0.001,0.001
79.7,316.8,13.2,0.913,0.251,0.001,0.001
79.7,317.6,12.4,0.9,0.152,0.001,0.001
79.7,318.4,11.6,0.877,0.18,0.001,0.001
79.7,319.2,10.8,0.85,0.185,0.001,0.001
79.7,320.0,10.0,0.89,0.105,0.001,0.001
79.7,320.8,9.2,0.892,0.058,0.001,0.001
79.7,321.6,8.4,0.903,0.303,0.001,0.001
79.7,322.4,7.6,0.915,0.223,0.001,0.001
79.7,323.2,6.8,0.893,0.025,0.001,0.001
79.7,324.0,6.0,0.922,0.143,0.001,0.001
79.7,324.8,5.2,0.857,0.001,0.001,0.001
79.7,325.6,4.4,0.861,0.035,0.001,0.001
79.7,326.4,3.6,0.909,0.039,0.001,0.001
79.7,327.2,2.8,0.809,0.002,0.001,0.001
79.7,328.0,2.0,0.818,0.001,0.001,0.001
79.7,328.8,1.2,0.777,0.001,0.001,0.001
79.7,329.6,0.4,0.851,0.049,0.001,0.001
93.0,20.8,329.2,0.687,2.338,0.120747377,0.001
93.0,21.6,328.4,0.689,2.052,0.122754073,0.001
93.0,22.4,327.6,0.692,1.977,0.120757749,0.001
93.0,23.2,326.8,0.702,1.958,0.121820766,0.001
93.0,24.0,326.0,0.676,1.911,0.114749633,0.001
93.0,24.8,325.2,0.641,2.23,0.113730919,0.001
93.0,25.6,324.4,0.661,2.103,0.118522282,0.001
93.0,26.4,323.6,0.613,1.948,0.106097215,0.001
93.0,27.2,322.8,0.588,2.169,0.104954809,0.001
93.0,28.0,322.0,0.572,2.047,0.101933156,0.001
93.0,28.8,321.2,0.585,2.15,0.10460776,0.001
93.0,29.6,320.4,0.634,2.038,0.112638289,0.001
93.0,30.4,319.6,0.61,2.263,0.107936515,0.001
93.0,31.2,318.8,0.626,2.094,0.112414677,0.001
93.0,32.0,318.0,0.608,2.122,0.108947972,0.001
93.0,32.8,317.2,0.561,2.146,0.100380009,0.001
93.0,33.6,316.4,0.572,1.911,0.096798329,0.001
93.0,34.4,315.6,0.541,1.986,0.094633619,0.001
93.0,35.2,314.8,0.574,2.01,0.101150677,0.001
93.0,36.0,314.0,0.534,1.953,0.092471018,0.001
93.0,36.8,313.2,0.566,1.948,0.097906595,0.001
93.0,37.6,312.4,0.538,1.873,0.085395462,0.001
93.0,38.4,311.6,0.588,2.272,0.103965096,0.001
93.0,39.2,310.8,0.604,2.16,0.107873267,0.001
93.0,40.0,310.0,0.622,1.982,0.108752196,0.001
93.0,40.8,309.2,0.563,2.212,0.100108278,0.001
93.0,41.6,308.4,0.633,1.761,0.085794786,0.001
93.0,42.4,307.6,0.574,2.188,0.102291667,0.001
93.0,43.2,306.8,0.574,1.953,0.09944035,0.001
93.0,44.0,306.0,0.57,2.075,0.102451649,0.001
93.0,44.8,305.2,0.542,2.286,0.095679124,0.001
93.0,45.6,304.4,0.532,2.052,0.094996828,0.001
93.0,46.4,303.6,0.518,2.291,0.091380498,0.001
93.0,47.2,302.8,0.575,1.972,0.100183425,0.001
93.0,48.0,302.0,0.497,2.113,0.089277482,0.001
93.0,48.8,301.2,0.547,2.211,0.09727604,0.001
93.0,49.6,300.4,0.528,1.986,0.092380198,0.001
93.0,50.4,299.6,0.529,2.028,0.093761636,0.001
93.0,51.2,298.8,0.566,2.089,0.10181092,0.001
93.0,52.0,298.0,0.52,2.066,0.093294617,0.001
93.0,52.8,297.2,0.526,2.019,0.092982738,0.001
93.0,53.6,296.4,0.561,2.117,0.100655671,0.001
93.0,54.4,295.6,0.483,2.103,0.086869597,0.001
93.0,55.2,294.8,0.484,1.963,0.084041187,0.001
93.0,56.0,294.0,0.527,1.897,0.08697112,0.001
93.0,56.8,293.2,0.494,1.831,0.071517537,0.001
93.0,57.6,292.4,0.499,2.099,0.089765542,0.001
93.0,58.4,291.6,0.486,2.099,0.087441199,0.001
93.0,59.2,290.8,0.53,2.155,0.094781436,0.001
93.0,60.0,290.0,0.538,2.047,0.095916636,0.001
93.0,60.8,289.2,0.533,1.906,0.089317059,0.001
93.0,61.6,288.4,0.531,1.789,0.071923249,0.001
93.0,62.4,287.6,0.504,2.155,0.090137644,0.001
93.0,63.2,286.8,0.53,1.887,0.086040141,0.001
93.0,64.0,286.0,0.569,2.019,0.1005559,0.001
93.0,64.8,285.2,0.528,1.958,0.091574799,0.001
93.0,65.6,284.4,0.518,1.873,0.08188315,0.001
93.0,66.4,283.6,0.494,2.033,0.087755332,0.001
93.0,67.2,282.8,0.513,1.878,0.081727356,0.001
93.0,68.0,282.0,0.502,2.061,0.089956172,0.001
93.0,68.8,281.2,0.518,1.826,0.0750254,0.004394531
93.0,69.6,280.4,0.525,1.944,0.090652079,0.02355957
93.0,70.4,279.6,0.48,2.16,0.085814946,0.012939453
93.0,71.2,278.8,0.437,2.324,0.076661323,0.018676758
93.0,72.0,278.0,0.526,2.061,0.094197043,0.014526367
93.0,72.8,277.2,0.478,2.235,0.084772052,0.014526367
93.0,73.6,276.4,0.427,1.859,0.063899731,0.027099609
93.0,74.4,275.6,0.44,2.164,0.078622762,0.018798828
93.0,75.2,274.8,0.452,2.0,0.079424327,0.024902344
93.0,76.0,274.0,0.493,1.869,0.076919282,0.013427734
93.0,76.8,273.2,0.492,2.244,0.087184745,0.015258789
93.0,77.6,272.4,0.435,2.085,0.078431378,0.019252232
93.0,78.4,271.6,0.484,2.07,0.086985503,0.016619001
93.0,79.2,270.8,0.461,2.056,0.082508697,0.025268555
93.0,80.0,270.0,0.468,2.075,0.084262723,0.013759068
93.0,80.8,269.2,0.41,2.024,0.072530282,0.015441895
93.0,81.6,268.4,0.418,1.977,0.072752839,0.020926339
93.0,82.4,267.6,0.447,2.038,0.079525923,0.019391741
93.0,83.2,266.8,0.417,2.141,0.074705166,0.017717634
93.0,84.0,266.0,0.422,1.878,0.065829378,0.015206473
93.0,84.8,265.2,0.494,1.826,0.070783911,0.013427734
93.0,85.6,264.4,0.456,2.15,0.081604501,0.014282227
93.0,86.4,263.6,0.476,1.77,0.059423775,0.015267508
93.0,87.2,262.8,0.514,2.056,0.091964135,0.017456055
93.0,88.0,262.0,0.529,2.01,0.09324388,0.016438802
93.0,88.8,261.2,0.577,1.869,0.091568962,0.015950521
93.0,89.6,260.4,0.553,1.761,0.071722513,0.022086007
93.0,90.4,259.6,0.516,1.84,0.076713997,0.024348958
93.0,91.2,258.8,0.456,1.977,0.079528633,0.014587402
93.0,92.0,258.0,0.474,2.174,0.084611378,0.024553571
93.0,92.8,257.2,0.49,1.93,0.084168483,0.015755208
93.0,93.6,256.4,0.474,1.939,0.081619945,0.016861979
93.0,94.4,255.6,0.449,2.193,0.079970205,0.018554688
93.0,95.2,254.8,0.462,1.826,0.065154534,0.021171301
93.0,96.0,254.0,0.474,2.085,0.085424108,0.014892578
93.0,96.8,253.2,0.508,1.995,0.089166677,0.021386719
93.0,97.6,252.4,0.537,1.93,0.092329461,0.023745888
93.0,98.4,251.6,0.527,1.916,0.089728018,0.021465386
93.0,99.2,250.8,0.508,1.92,0.087009358,0.022786458
93.0,100.0,250.0,0.535,1.747,0.066435687,0.022927989
93.0,100.8,249.2,0.493,1.836,0.072077355,0.018404447
93.0,101.6,248.4,0.557,1.897,0.092171322,0.018301505
93.0,102.4,247.6,0.54,1.873,0.085742143,0.019981971
93.0,103.2,246.8,0.587,1.798,0.083051217,0.018028041
93.0,104.0,246.0,0.566,2.066,0.101459405,0.020152633
93.0,104.8,245.2,0.582,1.925,0.099983915,0.021660103
93.0,105.6,244.4,0.541,1.939,0.093281699,0.020724131
93.0,106.4,243.6,0.508,1.779,0.066396966,0.024275895
93.0,107.2,242.8,0.552,1.869,0.087241824,0.021953125
93.0,108.0,242.0,0.566,1.948,0.097906595,0.018592248
93.0,108.8,241.2,0.535,1.953,0.092644358,0.021362305
93.0,109.6,240.4,0.536,1.948,0.092673877,0.019847197
93.0,110.4,239.6,0.481,1.991,0.084275275,0.01711697
93.0,111.2,238.8,0.509,1.822,0.072848146,0.023995536
93.0,112.0,238.0,0.512,1.756,0.063729112,0.020831638
93.0,112.8,237.2,0.511,1.831,0.074515469,0.021762424
93.0,113.6,236.4,0.471,1.803,0.0633779,0.024186024
93.0,114.4,235.6,0.531,1.836,0.078780999,0.023877693
93.0,115.2,234.8,0.495,1.836,0.072424969,0.020751056
93.0,116.0,234.0,0.518,1.855,0.079256778,0.021158854
93.0,116.8,233.2,0.518,1.798,0.070939932,0.0234375
93.0,117.6,232.4,0.498,1.996,0.087452386,0.021099669
93.0,118.4,231.6,0.546,1.704,0.061886709,0.017755682
93.0,119.2,230.8,0.556,1.869,0.087935184,0.01668773
93.0,120.0,230.0,0.53,1.869,0.083419436,0.023163767
93.0,120.8,229.2,0.567,1.747,0.072095076,0.022533308
93.0,121.6,228.4,0.556,1.85,0.085178286,0.027940538
93.0,122.4,227.6,0.536,1.934,0.092271178,0.02355042
93.0,123.2,226.8,0.52,1.883,0.083696383,0.033730997
93.0,124.0,226.0,0.492,1.747,0.058829089,0.037207031
93.0,124.8,225.2,0.541,1.944,0.09342552,0.033023232
93.0,125.6,224.4,0.517,1.953,0.089522838,0.025952148
93.0,126.4,223.6,0.536,1.794,0.07353569,0.020107171
93.0,127.2,222.8,0.53,1.972,0.092324178,0.031883446
93.0,128.0,222.0,0.513,1.751,0.063151373,0.022460938
93.0,128.8,221.2,0.533,1.732,0.063818108,0.022158668
93.0,129.6,220.4,0.482,1.732,0.054784841,0.018004578
93.0,130.4,219.6,0.53,1.77,0.068974389,0.022496665
93.0,131.2,218.8,0.54,1.728,0.064450313,0.032344302
93.0,132.0,218.0,0.548,1.751,0.069335056,0.0265625
93.0,132.8,217.2,0.561,1.704,0.064562319,0.03203125
93.0,133.6,216.4,0.535,1.709,0.060699151,0.033092152
93.0,134.4,215.6,0.49,1.671,0.046979486,0.039443598
93.0,135.2,214.8,0.505,1.869,0.079004961,0.020241477
93.0,136.0,214.0,0.489,1.812,0.067860728,0.028463224
93.0,136.8,213.2,0.528,1.855,0.081023545,0.026448568
93.0,137.6,212.4,0.481,2.08,0.086724286,0.027713036
93.0,138.4,211.6,0.506,1.681,0.05134459,0.018314493
93.0,139.2,210.8,0.527,1.695,0.057173061,0.026270209
93.0,140.0,210.0,0.549,1.906,0.0920905,0.027999938
93.0,140.8,209.2,0.547,1.77,0.071976227,0.025412326
93.0,141.6,208.4,0.59,1.643,0.060543447,0.034134266
93.0,142.4,207.6,0.551,1.836,0.082280187,0.031094638
93.0,143.2,206.8,0.524,1.714,0.059511593,0.029376594
93.0,144.0,206.0,0.515,1.756,0.064260317,0.027937347
93.0,144.8,205.2,0.515,1.822,0.073910557,0.024377894
93.0,145.6,204.4,0.568,1.747,0.072271167,0.023045117
93.0,146.4,203.6,0.528,1.822,0.076208529,0.024420291
93.0,147.2,202.8,0.555,1.704,0.063492282,0.022980099
93.0,148.0,202.0,0.581,1.474,0.033524089,0.022641557
93.0,148.8,201.2,0.579,1.803,0.082364082,0.021432059
93.0,149.6,200.4,0.538,2.066,0.096486745,0.023238571
93.0,150.4,199.6,0.548,1.686,0.059534379,0.020926339
93.0,151.2,198.8,0.565,1.582,0.046911486,0.024432843
93.0,152.0,198.0,0.54,1.742,0.066563773,0.027822457
93.0,152.8,197.2,0.53,1.826,0.077145324,0.024291992
93.0,153.6,196.4,0.508,1.77,0.06508378,0.026103984
93.0,154.4,195.6,0.525,1.657,0.051083367,0.031944862
93.0,155.2,194.8,0.557,1.751,0.070924265,0.03656785
93.0,156.0,194.0,0.541,1.728,0.064626891,0.025206737
93.0,156.8,193.2,0.585,1.54,0.044148444,0.021713568
93.0,157.6,192.4,0.546,1.648,0.053458322,0.019943576
93.0,158.4,191.6,0.537,1.751,0.06739269,0.018423227
93.0,159.2,190.8,0.547,1.751,0.069158478,0.023038903
93.0,160.0,190.0,0.571,1.653,0.058666991,0.026198167
93.0,160.8,189.2,0.548,1.502,0.031834574,0.021191406
93.0,161.6,188.4,0.578,1.657,0.060515385,0.023946126
93.0,162.4,187.6,0.608,1.826,0.090760634,0.028982809
93.0,163.2,186.8,0.545,1.887,0.088640242,0.028087636
93.0,164.0,186.0,0.548,1.61,0.048095853,0.030038687
93.0,164.8,185.2,0.523,1.869,0.082183385,0.01906627
93.0,165.6,184.4,0.521,1.54,0.032708514,0.024926758
93.0,166.4,183.6,0.53,1.479,0.025115198,0.025219727
93.0,167.2,182.8,0.557,1.498,0.032837852,0.025437128
93.0,168.0,182.0,0.572,1.38,0.017776095,0.032958984
93.0,168.8,181.2,0.567,1.657,0.058556809,0.029730903
93.0,169.6,180.4,0.557,1.681,0.060387417,0.02726237
93.0,170.4,179.6,0.564,1.775,0.075681797,0.032556593
93.0,171.2,178.8,0.549,1.564,0.041348533,0.031053419
93.0,172.0,178.0,0.542,1.709,0.061935202,0.017086725
93.0,172.8,177.2,0.549,1.681,0.058960241,0.023944382
93.0,173.6,176.4,0.562,1.587,0.047130196,0.028924006
93.0,174.4,175.6,0.548,1.653,0.054567651,0.029436384
93.0,175.2,174.8,0.544,1.69,0.059422819,0.026025391
93.0,176.0,174.0,0.595,1.709,0.071324994,0.026801215
93.0,176.8,173.2,0.641,1.606,0.064022317,0.027427455
93.0,177.6,172.4,0.63,1.7,0.076150434,0.038204309
93.0,178.4,171.6,0.602,1.615,0.0584587,0.033864667
93.0,179.2,170.8,0.606,1.906,0.101961294,0.029825846
93.0,180.0,170.0,0.626,1.418,0.033207826,0.024115862
93.0,180.8,169.2,0.569,1.657,0.058912914,0.029747857
93.0,181.6,168.4,0.566,1.526,0.038657418,0.036503991
93.0,182.4,167.6,0.53,1.615,0.045637243,0.034345059
93.0,183.2,166.8,0.64,1.737,0.083440463,0.031222873
93.0,184.0,166.0,0.63,1.779,0.087851346,0.036997768
93.0,184.8,165.2,0.734,1.502,0.065000547,0.023469002
93.0,185.6,164.4,0.896,1.667,0.117719459,0.018844039
93.0,186.4,163.6,0.935,1.859,0.151722435,0.029935397
93.0,187.2,162.8,0.696,1.601,0.072998036,0.024274554
93.0,188.0,162.0,0.543,1.7,0.060753127,0.031223958
93.0,188.8,161.2,0.544,1.46,0.024772431,0.032034738
93.0,189.6,160.4,0.529,1.794,0.07229964,0.029223008
93.0,190.4,159.6,0.567,1.319,0.007649287,0.028477987
93.0,191.2,158.8,0.506,1.686,0.052099398,0.034857856
93.0,192.0,158.0,0.555,1.531,0.037449986,0.025866386
93.0,192.8,157.2,0.538,1.517,0.032303092,0.021711483
93.0,193.6,156.4,0.525,1.653,0.050479521,0.021557617
93.0,194.4,155.6,0.543,1.704,0.061356973,0.024480646
93.0,195.2,154.8,0.495,2.075,0.08908984,0.024462891
93.0,196.0,154.0,0.497,1.474,0.018387231,0.024315325
93.0,196.8,153.2,0.558,1.756,0.071855651,0.029453347
93.0,197.6,152.4,0.538,1.573,0.040741328,0.027628978
93.0,198.4,151.6,0.588,1.578,0.050404397,0.023490767
93.0,199.2,150.8,0.584,1.531,0.0426178,0.027497944
93.0,200.0,150.0,0.581,1.709,0.06885972,0.029589844
93.0,200.8,149.2,0.617,1.732,0.078653708,0.029676649
93.0,201.6,148.4,0.667,1.507,0.053872637,0.023061899
93.0,202.4,147.6,0.605,1.493,0.040684312,0.024111793
93.0,203.2,146.8,0.54,1.657,0.053742503,0.02749566
93.0,204.0,146.0,0.552,1.601,0.047454879,0.032204368
93.0,204.8,145.2,0.574,1.676,0.062662807,0.032419888
93.0,205.6,144.4,0.576,1.568,0.046762032,0.029624537
93.0,206.4,143.6,0.542,1.662,0.054851831,0.028778128
93.0,207.2,142.8,0.571,1.465,0.030372462,0.027665003
93.0,208.0,142.0,0.541,1.624,0.048954172,0.031582919
93.0,208.8,141.2,0.536,1.573,0.040384534,0.031613372
93.0,209.6,140.4,0.564,1.676,0.060882283,0.030251243
93.0,210.4,139.6,0.536,1.502,0.029674906,0.029887355
93.0,211.2,138.8,0.571,1.582,0.0479798,0.027148438
93.0,212.0,138.0,0.597,1.427,0.029350326,0.027954102
93.0,212.8,137.2,0.61,1.667,0.067678791,0.021052238
93.0,213.6,136.4,0.64,1.423,0.036486021,0.024846448
93.0,214.4,135.6,0.576,1.432,0.026319375,0.026842619
93.0,215.2,134.8,0.643,1.582,0.060795884,0.022935655
93.0,216.0,134.0,0.608,1.526,0.046168482,0.027739654
93.0,216.8,133.2,0.601,1.409,0.027365417,0.029241071
93.0,217.6,132.4,0.574,1.648,0.058448614,0.027099609
93.0,218.4,131.6,0.612,1.409,0.029341013,0.032939189
93.0,219.2,130.8,0.601,1.38,0.023007624,0.028266059
93.0,220.0,130.0,0.629,1.61,0.062498518,0.038113064
93.0,220.8,129.2,0.638,1.338,0.023410401,0.031922481
93.0,221.6,128.4,0.61,1.39,0.026126708,0.022123603
93.0,222.4,127.6,0.602,1.775,0.0823659,0.02985026
93.0,223.2,126.8,0.605,1.404,0.027332472,0.024210612
93.0,224.0,126.0,0.656,1.277,0.017565176,0.027848307
93.0,224.8,125.2,0.605,1.554,0.049837933,0.030273438
93.0,225.6,124.4,0.597,1.249,0.002589928,0.028564453
93.0,226.4,123.6,0.592,1.62,0.057439364,0.02933055
93.0,227.2,122.8,0.636,1.488,0.045486233,0.034733073
93.0,228.0,122.0,0.645,1.69,0.077286425,0.023632813
93.0,228.8,121.2,0.617,1.601,0.059019524,0.027801514
93.0,229.6,120.4,0.54,1.409,0.016346111,0.025435965
93.0,230.4,119.6,0.574,1.376,0.017538196,0.02103814
93.0,231.2,118.8,0.622,1.554,0.052853796,0.020785668
93.0,232.0,118.0,0.624,1.455,0.038397194,0.022206334
93.0,232.8,117.2,0.627,1.394,0.029780977,0.025402007
93.0,233.6,116.4,0.602,1.531,0.045854356,0.022256541
93.0,234.4,115.6,0.615,1.578,0.055213395,0.025203624
93.0,235.2,114.8,0.616,1.54,0.049688542,0.01949139
93.0,236.0,114.0,0.67,1.272,0.019364543,0.015299479
93.0,236.8,113.2,0.636,1.371,0.027980027,0.034259407
93.0,237.6,112.4,0.663,1.38,0.034218676,0.032140759
93.0,238.4,111.6,0.708,1.174,0.011607091,0.023052509
93.0,239.2,110.8,0.622,1.268,0.010016987,0.02065802
93.0,240.0,110.0,0.605,1.409,0.028083815,0.027310102
93.0,240.8,109.2,0.592,1.596,0.053826931,0.026155469
93.0,241.6,108.4,0.613,1.385,0.025914164,0.022115072
93.0,242.4,107.6,0.528,1.427,0.016896799,0.024291992
93.0,243.2,106.8,0.54,1.357,0.008493317,0.022135417
93.0,244.0,106.0,0.612,1.301,0.013131776,0.018648588
93.0,244.8,105.2,0.589,1.38,0.020846823,0.021484375
93.0,245.6,104.4,0.605,1.31,0.013207214,0.022420247
93.0,246.4,103.6,0.534,1.324,0.002416941,0.01847717
93.0,247.2,102.8,0.59,1.24,0.001225686,0.01561481
93.0,248.0,102.0,0.563,1.319,0.006917023,0.020908579
93.0,248.8,101.2,0.551,1.286,0.001,0.023110111
93.0,249.6,100.4,0.562,1.348,0.011113185,0.031758626
93.0,250.4,99.6,0.586,1.54,0.044328553,0.020590924
93.0,251.2,98.8,0.607,1.296,0.011471444,0.014924423
93.0,252.0,98.0,0.651,1.197,0.004655307,0.019863281
93.0,252.8,97.2,0.636,1.282,0.014671324,0.02524821
93.0,253.6,96.4,0.649,1.319,0.022572257,0.027569111
93.0,254.4,95.6,0.73,1.235,0.024718933,0.019960938
93.0,255.2,94.8,0.72,1.188,0.015878924,0.020998135
93.0,256.0,94.0,0.763,1.366,0.050097384,0.023701986
93.0,256.8,93.2,0.72,1.301,0.032750856,0.025594076
93.0,257.6,92.4,0.653,0.944,0.001,0.02247531
93.0,258.4,91.6,0.629,1.291,0.014739434,0.019348145
93.0,259.2,90.8,0.645,1.23,0.008515701,0.014479417
93.0,260.0,90.0,0.666,1.451,0.045329146,0.018596243
93.0,260.8,89.2,0.628,1.31,0.017398088,0.014241536
93.0,261.6,88.4,0.628,1.343,0.022332776,0.021425781
93.0,262.4,87.6,0.631,1.301,0.016599855,0.011163885
93.0,263.2,86.8,0.653,1.235,0.010725878,0.011521559
93.0,264.0,86.0,0.597,1.08,0.001,0.015189962
93.0,264.8,85.2,0.591,1.254,0.002243473,0.02118997
93.0,265.6,84.4,0.623,1.024,0.001,0.017168865
93.0,266.4,83.6,0.623,1.329,0.019326619,0.016124132
93.0,267.2,82.8,0.605,1.122,0.001,0.017671131
93.0,268.0,82.0,0.594,1.136,0.001,0.013643973
93.0,268.8,81.2,0.615,1.042,0.001,0.017333984
93.0,269.6,80.4,0.599,1.343,0.017087973,0.010225184
93.0,270.4,79.6,0.594,1.15,0.001,0.014293324
93.0,271.2,78.8,0.622,1.061,0.001,0.015540229
93.0,272.0,78.0,0.625,0.963,0.001,0.016308594
93.0,272.8,77.2,0.614,1.211,0.001217768,0.014923694
93.0,273.6,76.4,0.608,1.216,0.001,0.017578125
93.0,274.4,75.6,0.594,1.174,0.001,0.011335277
93.0,275.2,74.8,0.621,0.883,0.001,0.00970459
93.0,276.0,74.0,0.626,0.822,0.001,0.014312744
93.0,276.8,73.2,0.595,0.916,0.001,0.008733259
93.0,277.6,72.4,0.583,0.958,0.001,0.009147135
93.0,278.4,71.6,0.576,0.883,0.001,0.007507324
93.0,279.2,70.8,0.61,0.878,0.001,0.006835938
93.0,280.0,70.0,0.617,0.948,0.001,0.007451869
93.0,280.8,69.2,0.599,0.85,0.001,0.008160575
93.0,281.6,68.4,0.62,1.005,0.001,0.009728065
93.0,282.4,67.6,0.649,0.733,0.001,0.008513274
93.0,283.2,66.8,0.587,0.794,0.001,0.013484075
93.0,284.0,66.0,0.618,0.765,0.001,0.012625558
93.0,284.8,65.2,0.574,0.944,0.001,0.009414063
93.0,285.6,64.4,0.608,0.948,0.001,0.005746695
93.0,286.4,63.6,0.612,0.855,0.001,0.008246528
93.0,287.2,62.8,0.626,0.841,0.001,0.005746695
93.0,288.0,62.0,0.633,0.714,0.001,0.006458995
93.0,288.8,61.2,0.556,0.662,0.001,0.007394387
93.0,289.6,60.4,0.603,0.751,0.001,0.004741211
93.0,290.4,59.6,0.564,0.582,0.001,0.006255843
93.0,291.2,58.8,0.654,0.751,0.001,0.006460337
93.0,292.0,58.0,0.59,0.582,0.001,0.002859933
93.0,292.8,57.2,0.538,0.704,0.001,0.005461516
93.0,293.6,56.4,0.608,0.761,0.001,0.006870815
93.0,294.4,55.6,0.596,0.657,0.001,0.006047175
93.0,295.2,54.8,0.675,0.648,0.001,0.005821815
93.0,296.0,54.0,0.63,0.629,0.001,0.003950639
93.0,296.8,53.2,0.63,0.662,0.001,0.00331081
93.0,297.6,52.4,0.621,0.46,0.001,0.005818685
93.0,298.4,51.6,0.644,0.667,0.001,0.003972834
93.0,299.2,50.8,0.632,0.512,0.001,0.004313151
93.0,300.0,50.0,0.624,0.789,0.001,0.001
93.0,300.8,49.2,0.653,0.493,0.001,0.001
93.0,301.6,48.4,0.695,0.413,0.001,0.001
93.0,302.4,47.6,0.687,0.578,0.001,0.001
93.0,303.2,46.8,0.691,0.413,0.001,0.001
130.0,2.6,417.4,1.141,1.817,0.180916808,0.001
130.0,3.9,416.1,1.148,1.653,0.159021002,0.001
130.0,5.2,414.8,0.996,1.986,0.173277174,0.001
130.0,6.5,413.5,0.919,1.7,0.126559991,0.001
130.0,7.8,412.2,0.871,2.056,0.154668844,0.001
130.0,9.1,410.9,0.848,1.625,0.103206661,0.001
130.0,10.4,409.6,0.786,1.761,0.112504286,0.001
130.0,11.7,408.3,0.769,1.92,0.131958831,0.001
130.0,13.0,407.0,0.698,1.972,0.121623239,0.001
130.0,14.3,405.7,0.636,1.948,0.110062741,0.001
130.0,15.6,404.4,0.531,1.822,0.076738265,0.001
130.0,16.8,403.2,0.512,1.812,0.071920255,0.001
130.0,18.1,401.9,0.487,1.939,0.083905941,0.001
130.0,19.4,400.6,0.516,1.958,0.089492852,0.001
130.0,20.7,399.3,0.437,1.944,0.075262794,0.001
130.0,22.0,398.0,0.434,1.953,0.074959869,0.001
130.0,23.3,396.7,0.42,1.826,0.057795365,0.001
130.0,24.6,395.4,0.454,1.653,0.037824985,0.001
130.0,25.9,394.1,0.46,1.901,0.075853888,0.001
130.0,27.2,392.8,0.434,1.934,0.074473404,0.001
130.0,28.5,391.5,0.405,1.676,0.032533754,0.001
130.0,29.8,390.2,0.418,1.803,0.054025484,0.001
130.0,31.1,388.9,0.417,1.873,0.064217914,0.001
130.0,32.4,387.6,0.432,2.038,0.076832774,0.001
130.0,33.7,386.3,0.382,1.657,0.02550164,0.001
130.0,35.0,385.0,0.4,1.925,0.068306943,0.001
130.0,36.3,383.7,0.378,2.033,0.067041812,0.001
130.0,37.6,382.4,0.43,1.709,0.042019555,0.001
130.0,38.9,381.1,0.394,1.695,0.033453999,0.001
130.0,40.2,379.8,0.377,1.972,0.065386561,0.001
130.0,41.5,378.5,0.358,1.728,0.032047425,0.001
130.0,42.8,377.2,0.374,1.934,0.063958602,0.001
130.0,44.1,375.9,0.391,1.578,0.015091781,0.001
130.0,45.4,374.6,0.407,1.953,0.070230416,0.001
130.0,46.7,373.3,0.469,1.906,0.078160098,0.001
130.0,48.0,372.0,0.473,1.676,0.044704691,0.001
130.0,49.2,370.8,0.436,1.981,0.076054795,0.001
130.0,50.5,369.5,0.4,1.671,0.030881209,0.001
130.0,51.8,368.2,0.425,1.934,0.072900686,0.001
130.0,53.1,366.9,0.411,1.897,0.066710546,0.001
130.0,54.4,365.6,0.435,2.047,0.077608452,0.001
130.0,55.7,364.3,0.41,1.615,0.024144983,0.001
130.0,57.0,363.0,0.422,1.934,0.072376446,0.001
130.0,58.3,361.7,0.372,1.859,0.054211809,0.001
130.0,59.6,360.4,0.45,1.972,0.078330361,0.001
130.0,60.9,359.1,0.463,1.855,0.069589584,0.001
130.0,62.2,357.8,0.412,1.944,0.070879069,0.001
130.0,63.5,356.5,0.414,1.601,0.0227383,0.001
130.0,64.8,355.2,0.431,1.869,0.06607418,0.001
130.0,66.1,353.9,0.463,1.756,0.055042567,0.001
130.0,67.4,352.6,0.461,1.901,0.076028163,0.001
130.0,68.7,351.3,0.428,1.761,0.049574275,0.001
130.0,70.0,350.0,0.379,1.84,0.052626024,0.001
130.0,71.3,348.7,0.399,1.859,0.058953576,0.001
130.0,72.6,347.4,0.395,1.864,0.058994753,0.001
130.0,73.9,346.1,0.442,1.775,0.054126098,0.001
130.0,75.2,344.8,0.406,1.84,0.057378221,0.001
130.0,76.5,343.5,0.408,1.676,0.033068377,0.001
130.0,77.8,342.2,0.465,1.902,0.076872811,0.001
130.0,79.1,340.9,0.417,1.831,0.0580028,0.001
130.0,80.4,339.6,0.401,1.892,0.064204584,0.001
130.0,81.6,338.4,0.44,1.714,0.044577966,0.001
130.0,82.9,337.1,0.423,1.887,0.067332041,0.001
130.0,84.2,335.8,0.445,1.643,0.034691621,0.001
130.0,85.5,334.5,0.422,1.92,0.072026322,0.001
130.0,86.8,333.2,0.464,2.024,0.08220611,0.001
130.0,88.1,331.9,0.464,1.831,0.06624328,0.001
130.0,89.4,330.6,0.436,1.873,0.067538098,0.001
130.0,90.7,329.3,0.441,1.62,0.030480835,0.001
130.0,92.0,328.0,0.467,1.812,0.063988185,0.001
130.0,93.3,326.7,0.52,1.798,0.071294069,0.001
130.0,94.6,325.4,0.497,1.902,0.082456435,0.001
130.0,95.9,324.1,0.426,1.925,0.072850353,0.001
130.0,97.2,322.8,0.462,1.826,0.065154534,0.001953125
130.0,98.5,321.5,0.423,1.681,0.036507657,0.001953125
130.0,99.8,320.2,0.441,1.77,0.053214091,0.010986328
130.0,101.1,318.9,0.447,1.61,0.030038444,0.002278646
130.0,102.4,317.6,0.45,1.545,0.020706501,0.001
130.0,103.7,316.3,0.448,1.761,0.053131561,0.0078125
130.0,105.0,315.0,0.477,2.01,0.084096476,0.010620117
130.0,106.3,313.7,0.452,1.897,0.0738695,0.002485795
130.0,107.6,312.4,0.457,1.761,0.054729604,0.004527699
130.0,108.9,311.1,0.494,1.897,0.08120139,0.009347098
130.0,110.2,309.8,0.541,1.864,0.084609583,0.012565104
130.0,111.5,308.5,0.522,1.826,0.075732695,0.016906738
130.0,112.8,307.2,0.509,1.911,0.085862639,0.007557745
130.0,114.0,306.0,0.532,1.822,0.076914844,0.001
130.0,115.3,304.7,0.517,1.639,0.046951962,0.001
130.0,116.6,303.4,0.476,1.765,0.05869015,0.014973958
130.0,117.9,302.1,0.494,1.826,0.070783911,0.014770508
130.0,119.2,300.8,0.52,1.756,0.06514566,0.018196615
130.0,120.5,299.5,0.502,1.733,0.058486313,0.023651123
130.0,121.8,298.2,0.533,1.798,0.073589593,0.025130208
130.0,123.1,296.9,0.572,1.794,0.079832578,0.02645874
130.0,124.4,295.6,0.605,1.794,0.085625196,0.025101273
130.0,125.7,294.3,0.553,1.554,0.040556385,0.022786458
130.0,127.0,293.0,0.553,1.582,0.044772445,0.038220636
130.0,128.3,291.7,0.536,1.77,0.070033861,0.035897091
130.0,129.6,290.4,0.561,1.634,0.054026835,0.001
130.0,130.9,289.1,0.531,1.653,0.051538994,0.025173611
130.0,132.2,287.8,0.547,1.878,0.087681023,0.037923177
130.0,133.5,286.5,0.564,1.733,0.069461177,0.027377425
130.0,134.8,285.2,0.576,1.69,0.065126009,0.037727865
130.0,136.1,283.9,0.547,1.69,0.05995801,0.047454834
130.0,137.4,282.6,0.573,1.686,0.063989824,0.033518145
130.0,138.7,281.3,0.546,1.493,0.03012095,0.024810791
130.0,140.0,280.0,0.544,1.69,0.059422819,0.050325521
130.0,141.3,278.7,0.642,1.765,0.087948349,0.038400958
130.0,142.6,277.4,0.58,1.62,0.055302734,0.046909877
130.0,143.9,276.1,0.553,1.728,0.066747654,0.001
130.0,145.2,274.8,0.536,1.704,0.060120922,0.049835205
130.0,146.4,273.6,0.499,1.704,0.053577225,0.049804688
130.0,147.7,272.3,0.552,1.639,0.053174142,0.043220766
130.0,149.0,271.0,0.584,1.573,0.048939319,0.050882274
130.0,150.3,269.7,0.512,1.615,0.042435774,0.037825521
130.0,151.6,268.4,0.535,1.592,0.043067035,0.04397583
130.0,152.9,267.1,0.564,1.714,0.066601546,0.061458333
130.0,154.2,265.8,0.596,1.77,0.080595115,0.047515869
130.0,155.5,264.5,0.545,1.657,0.054634488,0.001
130.0,156.8,263.2,0.515,1.62,0.043729557,0.001
130.0,158.1,261.9,0.589,1.737,0.074468911,0.043914795
130.0,159.4,260.6,0.609,1.629,0.061800758,0.036353327
130.0,160.7,259.3,0.564,1.61,0.050948827,0.050445557
130.0,162.0,258.0,0.592,1.681,0.066596257,0.048046875
130.0,163.3,256.7,0.638,1.592,0.061394511,0.039916992
130.0,164.6,255.4,0.527,1.502,0.028049316,0.040858115
130.0,165.9,254.1,0.566,1.409,0.021056928,0.046519886
130.0,167.2,252.8,0.556,1.629,0.05238266,0.035185843
130.0,168.5,251.5,0.585,1.732,0.073014465,0.041791131
130.0,169.8,250.2,0.551,1.592,0.045921387,0.045003255
130.0,171.1,248.9,0.525,1.648,0.049724714,0.001
130.0,172.4,247.6,0.51,1.531,0.029356375,0.0349491
130.0,173.7,246.3,0.508,1.601,0.039600329,0.037937973
130.0,175.0,245.0,0.574,1.723,0.069727315,0.0286544
130.0,176.3,243.7,0.489,1.77,0.061719478,0.027636719
130.0,177.6,242.4,0.498,1.582,0.034929539,0.040244655
130.0,178.8,241.2,0.551,1.634,0.05224321,0.052148438
130.0,180.1,239.9,0.556,1.808,0.079084089,0.024860491
130.0,181.4,238.6,0.571,1.409,0.021962648,0.028680099
130.0,182.7,237.3,0.585,1.657,0.061761752,0.001
130.0,184.0,236.0,0.649,1.456,0.043032129,0.034462377
130.0,185.3,234.7,0.623,1.629,0.06428441,0.026600713
130.0,186.6,233.4,0.608,1.596,0.056672637,0.024604611
130.0,187.9,232.1,0.534,1.54,0.035056588,0.023734715
130.0,189.2,230.8,0.57,1.686,0.063455667,0.029255319
130.0,190.5,229.5,0.611,1.902,0.10224609,0.032392786
130.0,191.8,228.2,0.592,1.516,0.041807784,0.027700571
130.0,193.1,226.9,0.495,1.54,0.0280219,0.026523438
130.0,194.4,225.6,0.517,1.446,0.017778305,0.023662861
130.0,195.7,224.3,0.498,1.563,0.032047443,0.016003667
130.0,197.0,223.0,0.517,1.7,0.056160612,0.001
130.0,198.3,221.7,0.505,1.723,0.057507904,0.001
130.0,199.6,220.4,0.535,1.493,0.028134118,0.019461496
130.0,200.9,219.1,0.541,1.643,0.051813803,0.028629557
130.0,202.2,217.8,0.599,1.582,0.052972467,0.012363979
130.0,203.5,216.5,0.586,1.46,0.032323804,0.016399515
130.0,204.8,215.2,0.571,1.653,0.058666991,0.020373775
130.0,206.1,213.9,0.518,1.549,0.033525789,0.02507673
130.0,207.4,212.6,0.513,1.465,0.019925227,0.016246449
130.0,208.7,211.3,0.572,1.568,0.046049822,0.016399515
130.0,210.0,210.0,0.575,1.596,0.05080004,0.017410278
130.0,211.2,208.8,0.606,1.338,0.017594337,0.020791903
130.0,212.5,207.5,0.558,1.629,0.052739454,0.016422526
130.0,213.8,206.2,0.554,1.592,0.046456577,0.017450051
130.0,215.1,204.9,0.55,1.446,0.023740343,0.018017578
130.0,216.4,203.6,0.554,1.521,0.035765854,0.016174316
130.0,217.7,202.3,0.534,1.456,0.022361701,0.019796081
130.0,219.0,201.0,0.504,1.747,0.060953911,0.020828247
130.0,220.3,199.7,0.515,1.399,0.010312666,0.015209057
130.0,221.6,198.4,0.517,1.441,0.017022657,0.010824947
130.0,222.9,197.1,0.541,1.629,0.049706706,0.01047092
130.0,224.2,195.8,0.551,1.498,0.031767471,0.001
130.0,225.5,194.5,0.553,1.681,0.059673829,0.014908854
130.0,226.8,193.2,0.571,1.479,0.032473293,0.014238281
130.0,228.1,191.9,0.536,1.418,0.016982697,0.016022859
130.0,229.4,190.6,0.553,1.479,0.029263367,0.015075684
130.0,230.7,189.3,0.543,1.484,0.02821892,0.015075684
130.0,232.0,188.0,0.531,1.38,0.010339237,0.018880208
130.0,233.3,186.7,0.522,1.531,0.031528969,0.014818274
130.0,234.6,185.4,0.526,1.709,0.059109943,0.014221191
130.0,235.9,184.1,0.554,1.437,0.023103026,0.014257813
130.0,237.2,182.8,0.517,1.315,0.001,0.020256696
130.0,238.5,181.5,0.53,1.437,0.01876812,0.001
130.0,239.8,180.2,0.534,1.23,0.001,0.01651001
130.0,241.1,178.9,0.554,1.399,0.017364728,0.011688232
130.0,242.4,177.6,0.551,1.329,0.006252314,0.018977865
130.0,243.6,176.4,0.575,1.512,0.03815186,0.009545111
130.0,244.9,175.1,0.574,1.601,0.051374789,0.013599537
130.0,246.2,173.8,0.517,1.653,0.049065422,0.015755208
130.0,247.5,172.5,0.554,1.7,0.062711857,0.016286542
130.0,248.8,171.2,0.508,1.662,0.048830459,0.022167969
130.0,250.1,169.9,0.548,1.568,0.04177243,0.013641357
130.0,251.4,168.6,0.546,1.521,0.034338678,0.001
130.0,252.7,167.3,0.567,1.493,0.033866542,0.01233724
130.0,254.0,166.0,0.551,1.474,0.028152593,0.01776123
130.0,255.3,164.7,0.523,1.587,0.040172848,0.013085938
130.0,256.6,163.4,0.51,1.512,0.026484913,0.015289307
130.0,257.9,162.1,0.572,1.183,0.001,0.015523976
130.0,259.2,160.8,0.563,1.629,0.053630405,0.021179199
130.0,260.5,159.5,0.564,1.376,0.015707537,0.012514468
130.0,261.8,158.2,0.553,1.432,0.022167366,0.013325353
130.0,263.1,156.9,0.564,1.179,0.001,0.007543103
130.0,264.4,155.6,0.634,1.394,0.031054294,0.010970052
130.0,265.7,154.3,0.61,1.517,0.045172755,0.001
130.0,267.0,153.0,0.594,1.732,0.074599283,0.022460938
130.0,268.3,151.7,0.583,1.385,0.020517511,0.01077474
130.0,269.6,150.4,0.563,1.615,0.051523309,0.014513739
130.0,270.9,149.1,0.526,1.221,0.001,0.010058594
130.0,272.2,147.8,0.531,1.31,0.001,0.013458252
130.0,273.5,146.5,0.569,1.657,0.058912914,0.010521673
130.0,274.8,145.2,0.585,1.263,0.00249857,0.010955811
130.0,276.0,144.0,0.54,1.38,0.011966883,0.010546875
130.0,277.3,142.7,0.543,1.291,0.001,0.001
130.0,278.6,141.4,0.549,1.352,0.009364253,0.001
130.0,279.9,140.1,0.54,1.282,0.001,0.008316532
130.0,281.2,138.8,0.546,1.319,0.003836946,0.012115479
130.0,282.5,137.5,0.543,1.423,0.019002084,0.014718192
130.0,283.8,136.2,0.568,1.348,0.01221158,0.016822077
130.0,285.1,134.9,0.57,1.282,0.002611194,0.012207031
130.0,286.4,133.6,0.621,1.08,0.001,0.0125
130.0,287.7,132.3,0.573,1.235,0.001,0.010184152
130.0,289.0,131.0,0.604,1.235,0.001767776,0.013446514
130.0,290.3,129.7,0.62,1.146,0.001,0.01335798
130.0,291.6,128.4,0.635,1.329,0.021516985,0.013945313
130.0,292.9,127.1,0.543,1.188,0.001,0.001
130.0,294.2,125.8,0.554,1.028,0.001,0.013881138
130.0,295.5,124.5,0.546,1.254,0.001,0.012995793
130.0,296.8,123.2,0.54,1.052,0.001,0.010986328
130.0,298.1,121.9,0.579,1.23,0.001,0.012313179
130.0,299.4,120.6,0.556,1.052,0.001,0.016927083
130.0,300.7,119.3,0.504,1.169,0.001,0.017724609
130.0,302.0,118.0,0.569,1.324,0.008770458,0.012100883
130.0,303.3,116.7,0.566,1.15,0.001,0.00953311
130.0,304.6,115.4,0.542,1.16,0.001,0.010076349
130.0,305.9,114.1,0.569,1.216,0.001,0.009928385
130.0,307.2,112.8,0.524,1.258,0.001,0.001
130.0,308.4,111.6,0.521,1.103,0.001,0.013020833
130.0,309.7,110.3,0.531,1.216,0.001,0.009137835
130.0,311.0,109.0,0.515,1.075,0.001,0.006184896
130.0,312.3,107.7,0.508,1.075,0.001,0.01163737
130.0,313.6,106.4,0.534,1.183,0.001,0.01340554
130.0,314.9,105.1,0.524,0.902,0.001,0.00406901
130.0,316.2,103.8,0.541,0.963,0.001,0.004172585
130.0,317.5,102.5,0.608,1.061,0.001,0.006429036
130.0,318.8,101.2,0.612,1.024,0.001,0.001
130.0,320.1,99.9,0.62,1.038,0.001,0.001
130.0,321.4,98.6,0.585,1.071,0.001,0.008178711
130.0,322.7,97.3,0.554,1.056,0.001,0.027669271
130.0,324.0,96.0,0.546,1.075,0.001,0.001220703
130.0,325.3,94.7,0.523,0.855,0.001,0.005208333
130.0,326.6,93.4,0.578,1.005,0.001,0.00390625
130.0,327.9,92.1,0.554,0.794,0.001,0.030761719
130.0,329.2,90.8,0.549,0.925,0.001,0.017578125
130.0,330.5,89.5,0.543,0.798,0.001,0.012451172
130.0,331.8,88.2,0.565,1.038,0.001,0.000651042
130.0,333.1,86.9,0.561,0.92,0.001,0.001
130.0,334.4,85.6,0.579,0.887,0.001,0.001
130.0,335.7,84.3,0.569,0.864,0.001,0.001
130.0,337.0,83.0,0.52,0.779,0.001,0.001
130.0,338.3,81.7,0.497,0.906,0.001,0.001
130.0,339.6,80.4,0.538,0.916,0.001,0.001
130.0,340.8,79.2,0.548,0.963,0.001,0.001
130.0,342.1,77.9,0.56,0.897,0.001,0.001
130.0,343.4,76.6,0.576,0.958,0.001,0.001
130.0,344.7,75.3,0.612,0.812,0.001,0.001
130.0,346.0,74.0,0.584,0.709,0.001,0.001
130.0,347.3,72.7,0.573,0.728,0.001,0.001
130.0,348.6,71.4,0.577,0.672,0.001,0.001
130.0,349.9,70.1,0.579,0.615,0.001,0.001
130.0,351.2,68.8,0.599,0.737,0.001,0.001
130.0,352.5,67.5,0.592,0.77,0.001,0.001
130.0,353.8,66.2,0.616,0.803,0.001,0.001
130.0,355.1,64.9,0.646,0.873,0.001,0.001
130.0,356.4,63.6,0.599,0.554,0.001,0.001
130.0,357.7,62.3,0.666,0.728,0.001,0.001
130.0,359.0,61.0,0.718,0.794,0.001,0.001
130.0,360.3,59.7,0.694,0.667,0.001,0.001
130.0,361.6,58.4,0.692,0.54,0.001,0.001
130.0,362.9,57.1,0.738,0.887,0.001,0.001
130.0,364.2,55.8,0.714,0.592,0.001,0.001
130.0,365.5,54.5,0.643,0.752,0.001,0.001
130.0,366.8,53.2,0.582,0.578,0.001,0.001
130.0,368.1,51.9,0.572,0.507,0.001,0.001
130.0,369.4,50.6,0.585,0.662,0.001,0.001
130.0,370.7,49.3,0.603,0.648,0.001,0.001
130.0,372.0,48.0,0.605,0.512,0.001,0.001
130.0,373.2,46.8,0.597,0.564,0.001,0.001
130.0,374.5,45.5,0.616,0.446,0.001,0.001
130.0,375.8,44.2,0.597,0.512,0.001,0.001
130.0,377.1,42.9,0.68,0.629,0.001,0.001
130.0,378.4,41.6,0.615,0.484,0.001,0.001
130.0,379.7,40.3,0.635,0.324,0.001,0.001
130.0,381.0,39.0,0.617,0.409,0.001,0.001
130.0,382.3,37.7,0.628,0.446,0.001,0.001
130.0,383.6,36.4,0.64,0.554,0.001,0.001
130.0,384.9,35.1,0.623,0.662,0.001,0.001
130.0,386.2,33.8,0.623,0.385,0.001,0.001
130.0,387.5,32.5,0.631,0.446,0.001,0.001
130.0,388.8,31.2,0.664,0.385,0.001,0.001
130.0,390.1,29.9,0.6,0.479,0.001,0.001
130.0,391.4,28.6,0.605,0.427,0.001,0.001
130.0,392.7,27.3,0.692,0.395,0.001,0.001
130.0,394.0,26.0,0.654,0.441,0.001,0.001
130.0,395.3,24.7,0.679,0.263,0.001,0.001
130.0,396.6,23.4,0.68,0.376,0.001,0.001
130.0,397.9,22.1,0.648,0.272,0.001,0.001
130.0,399.2,20.8,0.669,0.15,0.001,0.001
130.0,400.5,19.5,0.651,0.305,0.001,0.001
130.0,401.8,18.2,0.622,0.287,0.001,0.001
130.0,403.1,16.9,0.618,0.155,0.001,0.001
130.0,404.4,15.6,0.64,0.329,0.001,0.001
130.0,405.6,14.4,0.646,0.122,0.001,0.001
130.0,406.9,13.1,0.607,0.423,0.001,0.001
130.0,408.2,11.8,0.615,0.193,0.001,0.001
130.0,409.5,10.5,0.626,0.357,0.001,0.001
130.0,410.8,9.2,0.635,0.179,0.001,0.001
130.0,412.1,7.9,0.668,0.038,0.001,0.001
130.0,413.4,6.6,0.648,0.16,0.001,0.001
130.0,414.7,5.3,0.636,0.244,0.001,0.001
130.0,416.0,4.0,0.656,0.103,0.001,0.001
130.0,417.3,2.7,0.7,0.221,0.001,0.001
130.0,418.6,1.4,0.695,0.118,0.001,0.001
130.0,419.9,0.1,0.643,0.132,0.001,0.001
